schema_name,table_name,full_table_name,table_type,row_count,total_size_bytes,index_size_bytes,column_count,primary_key_columns,foreign_keys,last_known_usage,has_vector_columns,used_by_frontend,used_by_backend,used_by_ai_sql,used_by_context,used_by_models,used_by_demo,used_by_sql_examples,used_by_semantic_docs,used_by_faq,classification_label,table_role,recommended_action,reason,confidence_score,risk_if_truncated,manual_review_required,authoritative_for_kpis,used_by_tabs,used_by_models_list,ai_sql_allowed,context_allowed,truncate_candidate,truncate_risk_level,status,missing_data_points,fallback_formula
public,addresses,public.addresses,r,16550,4833280,1990656,16,"['{', 'a', 'd', 'd', 'r', 'e', 's', 's', '_', 'i', 'd', '}']","[{'column_name': 'party_id', 'foreign_table_schema': 'public', 'foreign_table_name': 'parties', 'foreign_column_name': 'party_id', 'constraint_name': 'addresses_party_id_fkey'}]",2026-05-30T20:14:09.031676+00:00,False,False,True,True,True,False,False,True,True,False,ACT_EMBEDDING_CONTEXT,technical_log,KEEP_ACTIVE,Referenced by backend; Referenced by SQL examples; Referenced by semantic/context docs,0.8,HIGH,False,[],[],[],False,False,False,HIGH,ACT,[],[]
public,agent_attrition_events,public.agent_attrition_events,r,458,237568,122880,10,"['{', 'a', 'g', 'e', 'n', 't', '_', 'a', 't', 't', 'r', 'i', 't', 'i', 'o', 'n', '_', 'e', 'v', 'e', 'n', 't', '_', 'i', 'd', '}']","[{'column_name': 'agent_id', 'foreign_table_schema': 'public', 'foreign_table_name': 'agents', 'foreign_column_name': 'agent_id', 'constraint_name': 'agent_attrition_events_agent_id_fkey'}]",2026-05-30T21:41:10.592995+00:00,False,False,True,True,True,True,False,True,True,False,ACT_EMBEDDING_CONTEXT,technical_log,KEEP_ACTIVE,Referenced by backend; Referenced by SQL examples; Referenced by semantic/context docs; Referenced by model context,0.8,HIGH,False,[],[],[],False,False,False,HIGH,ACT,[],[]
public,agent_attrition_features,public.agent_attrition_features,r,-1,32768,24576,14,[],[],1970-01-01T00:00:00+00:00,False,False,True,True,True,True,False,True,True,False,ACT_EMBEDDING_CONTEXT,technical_log,KEEP_ACTIVE,Referenced by backend; Referenced by SQL examples; Referenced by semantic/context docs; Referenced by model context,0.8,HIGH,False,[],[],[],False,False,False,HIGH,ACT,[],[]
public,agent_calls,public.agent_calls,r,12400,4825088,1810432,15,"['{', 'a', 'g', 'e', 'n', 't', '_', 'c', 'a', 'l', 'l', '_', 'i', 'd', '}']","[{'column_name': 'customer_id', 'foreign_table_schema': 'public', 'foreign_table_name': 'customers', 'foreign_column_name': 'customer_id', 'constraint_name': 'agent_calls_customer_id_fkey'}, {'column_name': 'lead_id', 'foreign_table_schema': 'public', 'foreign_table_name': 'leads', 'foreign_column_name': 'lead_id', 'constraint_name': 'agent_calls_lead_id_fkey'}, {'column_name': 'opportunity_id', 'foreign_table_schema': 'public', 'foreign_table_name': 'opportunities', 'foreign_column_name': 'opportunity_id', 'constraint_name': 'agent_calls_opportunity_id_fkey'}, {'column_name': 'campaign_id', 'foreign_table_schema': 'public', 'foreign_table_name': 'campaigns', 'foreign_column_name': 'campaign_id', 'constraint_name': 'agent_calls_campaign_id_fkey'}, {'column_name': 'agent_id', 'foreign_table_schema': 'public', 'foreign_table_name': 'agents', 'foreign_column_name': 'agent_id', 'constraint_name': 'agent_calls_agent_id_fkey'}]",2026-05-30T21:38:10.652689+00:00,False,False,True,True,True,True,False,True,True,False,ACT_EMBEDDING_CONTEXT,technical_log,KEEP_ACTIVE,Referenced by backend; Referenced by SQL examples; Referenced by semantic/context docs; Referenced by model context,0.8,HIGH,False,[],[],[],False,False,False,HIGH,ACT,[],[]
public,agent_commissions,public.agent_commissions,r,20000,5046272,1851392,13,"['{', 'a', 'g', 'e', 'n', 't', '_', 'c', 'o', 'm', 'm', 'i', 's', 's', 'i', 'o', 'n', '_', 'i', 'd', '}']","[{'column_name': 'product_id', 'foreign_table_schema': 'public', 'foreign_table_name': 'products', 'foreign_column_name': 'product_id', 'constraint_name': 'agent_commissions_product_id_fkey'}, {'column_name': 'policy_id', 'foreign_table_schema': 'public', 'foreign_table_name': 'policies', 'foreign_column_name': 'policy_id', 'constraint_name': 'agent_commissions_policy_id_fkey'}, {'column_name': 'agent_id', 'foreign_table_schema': 'public', 'foreign_table_name': 'agents', 'foreign_column_name': 'agent_id', 'constraint_name': 'agent_commissions_agent_id_fkey'}]",2026-05-30T21:39:10.670323+00:00,False,False,True,True,True,True,True,True,True,True,ACT_EMBEDDING_CONTEXT,technical_log,KEEP_ACTIVE,Referenced by backend; Referenced by SQL examples; Referenced by semantic/context docs; Referenced by model context; Referenced by demo catalog,0.8,HIGH,False,[],[],[],False,False,False,HIGH,ACT,[],[]
public,agent_mapa_metrics,public.agent_mapa_metrics,r,214064,61841408,33456128,16,"['{', 'a', 'g', 'e', 'n', 't', '_', 'm', 'a', 'p', 'a', '_', 'm', 'e', 't', 'r', 'i', 'c', '_', 'i', 'd', '}']","[{'column_name': 'agent_id', 'foreign_table_schema': 'public', 'foreign_table_name': 'agents', 'foreign_column_name': 'agent_id', 'constraint_name': 'agent_mapa_metrics_agent_id_fkey'}]",2026-05-30T21:06:10.105862+00:00,False,False,True,True,True,True,True,True,True,True,ACT_EMBEDDING_CONTEXT,analytical_feature,KEEP_ACTIVE,Referenced by backend; Referenced by SQL examples; Referenced by semantic/context docs; Referenced by model context; Referenced by demo catalog,0.8,HIGH,False,"['MAPA Productivity', 'Agent Conversion Rate', 'Agent Coaching Need']",[],"['agent_performance', 'agent_attrition']",True,False,False,HIGH,ACT,[],[]
public,agent_meetings,public.agent_meetings,r,2414,892928,253952,14,"['{', 'a', 'g', 'e', 'n', 't', '_', 'm', 'e', 'e', 't', 'i', 'n', 'g', '_', 'i', 'd', '}']","[{'column_name': 'product_id', 'foreign_table_schema': 'public', 'foreign_table_name': 'products', 'foreign_column_name': 'product_id', 'constraint_name': 'agent_meetings_product_id_fkey'}, {'column_name': 'opportunity_id', 'foreign_table_schema': 'public', 'foreign_table_name': 'opportunities', 'foreign_column_name': 'opportunity_id', 'constraint_name': 'agent_meetings_opportunity_id_fkey'}, {'column_name': 'customer_id', 'foreign_table_schema': 'public', 'foreign_table_name': 'customers', 'foreign_column_name': 'customer_id', 'constraint_name': 'agent_meetings_customer_id_fkey'}, {'column_name': 'lead_id', 'foreign_table_schema': 'public', 'foreign_table_name': 'leads', 'foreign_column_name': 'lead_id', 'constraint_name': 'agent_meetings_lead_id_fkey'}, {'column_name': 'agent_id', 'foreign_table_schema': 'public', 'foreign_table_name': 'agents', 'foreign_column_name': 'agent_id', 'constraint_name': 'agent_meetings_agent_id_fkey'}]",2026-05-30T21:40:10.584044+00:00,False,False,True,True,True,True,False,True,True,False,ACT_EMBEDDING_CONTEXT,technical_log,KEEP_ACTIVE,Referenced by backend; Referenced by SQL examples; Referenced by semantic/context docs; Referenced by model context,0.8,HIGH,False,[],[],[],False,False,False,HIGH,ACT,[],[]
public,agent_movements,public.agent_movements,r,7744,2211840,1007616,12,"['{', 'a', 'g', 'e', 'n', 't', '_', 'm', 'o', 'v', 'e', 'm', 'e', 'n', 't', '_', 'i', 'd', '}']","[{'column_name': 'to_agency_party_id', 'foreign_table_schema': 'public', 'foreign_table_name': 'parties', 'foreign_column_name': 'party_id', 'constraint_name': 'agent_movements_to_agency_party_id_fkey'}, {'column_name': 'agent_id', 'foreign_table_schema': 'public', 'foreign_table_name': 'agents', 'foreign_column_name': 'agent_id', 'constraint_name': 'agent_movements_agent_id_fkey'}, {'column_name': 'from_agency_party_id', 'foreign_table_schema': 'public', 'foreign_table_name': 'parties', 'foreign_column_name': 'party_id', 'constraint_name': 'agent_movements_from_agency_party_id_fkey'}]",2026-05-30T20:16:08.960352+00:00,False,False,True,True,True,False,True,True,True,True,ACT_EMBEDDING_CONTEXT,technical_log,KEEP_ACTIVE,Referenced by backend; Referenced by SQL examples; Referenced by semantic/context docs; Referenced by demo catalog,0.8,HIGH,False,[],[],[],False,False,False,HIGH,ACT,[],[]
public,agent_performance_features,public.agent_performance_features,r,-1,32768,24576,14,[],[],1970-01-01T00:00:00+00:00,False,False,True,True,True,True,False,True,True,False,ACT_EMBEDDING_CONTEXT,technical_log,KEEP_ACTIVE,Referenced by backend; Referenced by SQL examples; Referenced by semantic/context docs; Referenced by model context,0.8,HIGH,False,[],[],[],False,False,False,HIGH,ACT,[],[]
public,agent_targets,public.agent_targets,r,72000,16056320,6717440,11,"['{', 'a', 'g', 'e', 'n', 't', '_', 't', 'a', 'r', 'g', 'e', 't', '_', 'i', 'd', '}']","[{'column_name': 'product_id', 'foreign_table_schema': 'public', 'foreign_table_name': 'products', 'foreign_column_name': 'product_id', 'constraint_name': 'agent_targets_product_id_fkey'}, {'column_name': 'agent_id', 'foreign_table_schema': 'public', 'foreign_table_name': 'agents', 'foreign_column_name': 'agent_id', 'constraint_name': 'agent_targets_agent_id_fkey'}]",2026-05-30T20:17:09.091478+00:00,False,False,True,True,True,True,False,True,True,False,ACT_EMBEDDING_CONTEXT,technical_log,KEEP_ACTIVE,Referenced by backend; Referenced by SQL examples; Referenced by semantic/context docs; Referenced by model context,0.8,HIGH,False,[],[],[],False,False,False,HIGH,ACT,[],[]
public,agent_training,public.agent_training,r,15042,3497984,1245184,12,"['{', 'a', 'g', 'e', 'n', 't', '_', 't', 'r', 'a', 'i', 'n', 'i', 'n', 'g', '_', 'i', 'd', '}']","[{'column_name': 'agent_id', 'foreign_table_schema': 'public', 'foreign_table_name': 'agents', 'foreign_column_name': 'agent_id', 'constraint_name': 'agent_training_agent_id_fkey'}]",2026-05-30T21:39:10.762361+00:00,False,False,True,True,True,True,False,True,True,False,ACT_EMBEDDING_CONTEXT,technical_log,KEEP_ACTIVE,Referenced by backend; Referenced by SQL examples; Referenced by semantic/context docs; Referenced by model context,0.8,HIGH,False,[],[],[],False,False,False,HIGH,ACT,[],[]
public,agents,public.agents,r,6000,2318336,1335296,13,"['{', 'a', 'g', 'e', 'n', 't', '_', 'i', 'd', '}']","[{'column_name': 'agency_party_id', 'foreign_table_schema': 'public', 'foreign_table_name': 'parties', 'foreign_column_name': 'party_id', 'constraint_name': 'agents_agency_party_id_fkey'}, {'column_name': 'party_id', 'foreign_table_schema': 'public', 'foreign_table_name': 'parties', 'foreign_column_name': 'party_id', 'constraint_name': 'agents_party_id_fkey'}]",2026-05-30T20:15:09.275517+00:00,False,False,True,True,True,True,True,True,True,True,ACT_AUTHORITATIVE_SOURCE,authoritative_source,KEEP_ACTIVE,Referenced by backend; Referenced by SQL examples; Referenced by semantic/context docs; Referenced by model context; Referenced by demo catalog,0.8,HIGH,False,"['Agent Conversion Rate', 'Agent Coaching Need']","['Know Your Agent', 'Agent Performance Tracking']","['agent_performance', 'agent_attrition']",True,True,False,HIGH,ACT,[],[]
public,applications,public.applications,r,2653,1327104,581632,16,"['{', 'a', 'p', 'p', 'l', 'i', 'c', 'a', 't', 'i', 'o', 'n', '_', 'i', 'd', '}']","[{'column_name': 'agent_id', 'foreign_table_schema': 'public', 'foreign_table_name': 'agents', 'foreign_column_name': 'agent_id', 'constraint_name': 'applications_agent_id_fkey'}, {'column_name': 'product_id', 'foreign_table_schema': 'public', 'foreign_table_name': 'products', 'foreign_column_name': 'product_id', 'constraint_name': 'applications_product_id_fkey'}, {'column_name': 'proposal_id', 'foreign_table_schema': 'public', 'foreign_table_name': 'proposals', 'foreign_column_name': 'proposal_id', 'constraint_name': 'applications_proposal_id_fkey'}, {'column_name': 'quote_id', 'foreign_table_schema': 'public', 'foreign_table_name': 'quotes', 'foreign_column_name': 'quote_id', 'constraint_name': 'applications_quote_id_fkey'}, {'column_name': 'opportunity_id', 'foreign_table_schema': 'public', 'foreign_table_name': 'opportunities', 'foreign_column_name': 'opportunity_id', 'constraint_name': 'applications_opportunity_id_fkey'}, {'column_name': 'customer_id', 'foreign_table_schema': 'public', 'foreign_table_name': 'customers', 'foreign_column_name': 'customer_id', 'constraint_name': 'applications_customer_id_fkey'}]",2026-05-30T21:38:10.554920+00:00,False,False,True,True,True,True,False,True,True,False,ACT_EMBEDDING_CONTEXT,technical_log,KEEP_ACTIVE,Referenced by backend; Referenced by SQL examples; Referenced by semantic/context docs; Referenced by model context,0.8,HIGH,False,[],[],[],False,False,False,HIGH,ACT,[],[]
public,business_glossary,public.business_glossary,r,-1,90112,73728,10,"['{', 'g', 'l', 'o', 's', 's', 'a', 'r', 'y', '_', 'i', 'd', '}']",[],1970-01-01T00:00:00+00:00,False,False,True,True,True,False,True,True,True,True,ACT_SYSTEM_REQUIRED,semantic_context,KEEP_ACTIVE,Core governance or ML control table required for demo and/or runtime.,0.9,HIGH,False,[],['AI Intelligence'],[],True,True,False,HIGH,ACT,[],[]
public,campaign_response_features,public.campaign_response_features,r,-1,40960,32768,16,[],[],1970-01-01T00:00:00+00:00,False,False,True,True,True,True,False,True,True,False,ACT_EMBEDDING_CONTEXT,technical_log,KEEP_ACTIVE,Referenced by backend; Referenced by SQL examples; Referenced by semantic/context docs; Referenced by model context,0.8,HIGH,False,[],[],[],False,False,False,HIGH,ACT,[],[]
public,campaign_responses,public.campaign_responses,r,71007,22544384,12435456,13,"['{', 'c', 'a', 'm', 'p', 'a', 'i', 'g', 'n', '_', 'r', 'e', 's', 'p', 'o', 'n', 's', 'e', '_', 'i', 'd', '}']","[{'column_name': 'lead_id', 'foreign_table_schema': 'public', 'foreign_table_name': 'leads', 'foreign_column_name': 'lead_id', 'constraint_name': 'campaign_responses_lead_id_fkey'}, {'column_name': 'policy_id', 'foreign_table_schema': 'public', 'foreign_table_name': 'policies', 'foreign_column_name': 'policy_id', 'constraint_name': 'campaign_responses_policy_id_fkey'}, {'column_name': 'opportunity_id', 'foreign_table_schema': 'public', 'foreign_table_name': 'opportunities', 'foreign_column_name': 'opportunity_id', 'constraint_name': 'campaign_responses_opportunity_id_fkey'}, {'column_name': 'campaign_id', 'foreign_table_schema': 'public', 'foreign_table_name': 'campaigns', 'foreign_column_name': 'campaign_id', 'constraint_name': 'campaign_responses_campaign_id_fkey'}, {'column_name': 'campaign_target_id', 'foreign_table_schema': 'public', 'foreign_table_name': 'campaign_targets', 'foreign_column_name': 'campaign_target_id', 'constraint_name': 'campaign_responses_campaign_target_id_fkey'}, {'column_name': 'customer_id', 'foreign_table_schema': 'public', 'foreign_table_name': 'customers', 'foreign_column_name': 'customer_id', 'constraint_name': 'campaign_responses_customer_id_fkey'}]",2026-05-30T20:55:09.885633+00:00,False,False,True,True,True,True,True,True,True,True,ACT_EMBEDDING_CONTEXT,analytical_feature,KEEP_ACTIVE,Referenced by backend; Referenced by SQL examples; Referenced by semantic/context docs; Referenced by model context; Referenced by demo catalog,0.8,HIGH,False,"['Campaign Conversion Rate', 'Campaign ROI']",['Campaign Effectiveness'],['campaign_response'],True,False,False,HIGH,ACT,[],[]
public,campaign_targets,public.campaign_targets,r,77873,16572416,5709824,10,"['{', 'c', 'a', 'm', 'p', 'a', 'i', 'g', 'n', '_', 't', 'a', 'r', 'g', 'e', 't', '_', 'i', 'd', '}']","[{'column_name': 'campaign_id', 'foreign_table_schema': 'public', 'foreign_table_name': 'campaigns', 'foreign_column_name': 'campaign_id', 'constraint_name': 'campaign_targets_campaign_id_fkey'}, {'column_name': 'agent_id', 'foreign_table_schema': 'public', 'foreign_table_name': 'agents', 'foreign_column_name': 'agent_id', 'constraint_name': 'campaign_targets_agent_id_fkey'}, {'column_name': 'lead_id', 'foreign_table_schema': 'public', 'foreign_table_name': 'leads', 'foreign_column_name': 'lead_id', 'constraint_name': 'campaign_targets_lead_id_fkey'}, {'column_name': 'customer_id', 'foreign_table_schema': 'public', 'foreign_table_name': 'customers', 'foreign_column_name': 'customer_id', 'constraint_name': 'campaign_targets_customer_id_fkey'}]",2026-05-30T20:51:09.750421+00:00,False,False,True,True,True,True,True,True,True,True,ACT_EMBEDDING_CONTEXT,analytical_feature,KEEP_ACTIVE,Referenced by backend; Referenced by SQL examples; Referenced by semantic/context docs; Referenced by model context; Referenced by demo catalog,0.8,HIGH,False,['Campaign Conversion Rate'],['Campaign Effectiveness'],['campaign_response'],True,False,False,HIGH,ACT,[],[]
public,campaigns,public.campaigns,r,800,409600,180224,13,"['{', 'c', 'a', 'm', 'p', 'a', 'i', 'g', 'n', '_', 'i', 'd', '}']",[],2026-05-30T20:18:09.086479+00:00,False,False,True,True,True,True,True,True,True,True,ACT_AUTHORITATIVE_SOURCE,authoritative_source,KEEP_ACTIVE,Referenced by backend; Referenced by SQL examples; Referenced by semantic/context docs; Referenced by model context; Referenced by demo catalog,0.8,HIGH,False,"['Campaign Conversion Rate', 'Campaign ROI']",['Campaign Effectiveness'],['campaign_response'],True,True,False,HIGH,ACT,[],[]
public,claim_assessments,public.claim_assessments,r,741,335872,172032,13,"['{', 'c', 'l', 'a', 'i', 'm', '_', 'a', 's', 's', 'e', 's', 's', 'm', 'e', 'n', 't', '_', 'i', 'd', '}']","[{'column_name': 'claim_id', 'foreign_table_schema': 'public', 'foreign_table_name': 'claims', 'foreign_column_name': 'claim_id', 'constraint_name': 'claim_assessments_claim_id_fkey'}, {'column_name': 'assessed_by_agent_id', 'foreign_table_schema': 'public', 'foreign_table_name': 'agents', 'foreign_column_name': 'agent_id', 'constraint_name': 'claim_assessments_assessed_by_agent_id_fkey'}]",2026-05-30T21:42:10.612425+00:00,False,False,True,True,True,True,False,True,True,False,ACT_EMBEDDING_CONTEXT,analytical_feature,KEEP_ACTIVE,Referenced by backend; Referenced by SQL examples; Referenced by semantic/context docs; Referenced by model context,0.8,HIGH,False,[],[],[],True,False,False,HIGH,ACT,[],[]
public,claim_fraud_indicators,public.claim_fraud_indicators,r,-1,122880,73728,13,"['{', 'c', 'l', 'a', 'i', 'm', '_', 'f', 'r', 'a', 'u', 'd', '_', 'i', 'n', 'd', 'i', 'c', 'a', 't', 'o', 'r', '_', 'i', 'd', '}']","[{'column_name': 'customer_id', 'foreign_table_schema': 'public', 'foreign_table_name': 'customers', 'foreign_column_name': 'customer_id', 'constraint_name': 'claim_fraud_indicators_customer_id_fkey'}, {'column_name': 'claim_id', 'foreign_table_schema': 'public', 'foreign_table_name': 'claims', 'foreign_column_name': 'claim_id', 'constraint_name': 'claim_fraud_indicators_claim_id_fkey'}]",1970-01-01T00:00:00+00:00,False,False,True,True,True,True,False,True,True,False,ACT_EMBEDDING_CONTEXT,analytical_feature,KEEP_ACTIVE,Referenced by backend; Referenced by SQL examples; Referenced by semantic/context docs; Referenced by model context,0.8,HIGH,False,[],[],[],True,False,False,HIGH,ACT,[],[]
public,claim_parties,public.claim_parties,r,1140,360448,139264,10,"['{', 'c', 'l', 'a', 'i', 'm', '_', 'p', 'a', 'r', 't', 'y', '_', 'i', 'd', '}']","[{'column_name': 'claim_id', 'foreign_table_schema': 'public', 'foreign_table_name': 'claims', 'foreign_column_name': 'claim_id', 'constraint_name': 'claim_parties_claim_id_fkey'}, {'column_name': 'party_id', 'foreign_table_schema': 'public', 'foreign_table_name': 'parties', 'foreign_column_name': 'party_id', 'constraint_name': 'claim_parties_party_id_fkey'}, {'column_name': 'customer_id', 'foreign_table_schema': 'public', 'foreign_table_name': 'customers', 'foreign_column_name': 'customer_id', 'constraint_name': 'claim_parties_customer_id_fkey'}]",2026-05-30T21:41:10.585941+00:00,False,False,True,True,True,True,False,True,True,False,ACT_EMBEDDING_CONTEXT,technical_log,KEEP_ACTIVE,Referenced by backend; Referenced by SQL examples; Referenced by semantic/context docs; Referenced by model context,0.8,HIGH,False,[],[],[],False,False,False,HIGH,ACT,[],[]
public,claim_prediction_features,public.claim_prediction_features,r,-1,32768,24576,13,[],[],1970-01-01T00:00:00+00:00,False,False,True,True,True,True,False,True,True,False,ACT_EMBEDDING_CONTEXT,technical_log,KEEP_ACTIVE,Referenced by backend; Referenced by SQL examples; Referenced by semantic/context docs; Referenced by model context,0.8,HIGH,False,[],[],[],False,False,False,HIGH,ACT,[],[]
public,claims,public.claims,r,741,540672,286720,19,"['{', 'c', 'l', 'a', 'i', 'm', '_', 'i', 'd', '}']","[{'column_name': 'policy_coverage_id', 'foreign_table_schema': 'public', 'foreign_table_name': 'policy_coverages', 'foreign_column_name': 'policy_coverage_id', 'constraint_name': 'claims_policy_coverage_id_fkey'}, {'column_name': 'customer_id', 'foreign_table_schema': 'public', 'foreign_table_name': 'customers', 'foreign_column_name': 'customer_id', 'constraint_name': 'claims_customer_id_fkey'}, {'column_name': 'policy_id', 'foreign_table_schema': 'public', 'foreign_table_name': 'policies', 'foreign_column_name': 'policy_id', 'constraint_name': 'claims_policy_id_fkey'}, {'column_name': 'assigned_agent_id', 'foreign_table_schema': 'public', 'foreign_table_name': 'agents', 'foreign_column_name': 'agent_id', 'constraint_name': 'claims_assigned_agent_id_fkey'}]",2026-05-30T20:43:09.501244+00:00,False,False,True,True,True,True,False,True,True,False,ACT_AUTHORITATIVE_SOURCE,authoritative_source,KEEP_ACTIVE,Referenced by backend; Referenced by SQL examples; Referenced by semantic/context docs; Referenced by model context,0.8,HIGH,False,"['Claims Ratio', 'Loss Ratio']",['Claims 360'],"['claims_risk', 'fraud_risk']",True,True,False,HIGH,ACT,[],[]
public,cld_actual_column_catalog,public.cld_actual_column_catalog,r,1750,1253376,401408,19,"['{', 'c', 'o', 'l', 'u', 'm', 'n', '_', 'c', 'a', 't', 'a', 'l', 'o', 'g', '_', 'i', 'd', '}']","[{'column_name': 'snapshot_id', 'foreign_table_schema': 'public', 'foreign_table_name': 'cld_actual_schema_snapshot', 'foreign_column_name': 'snapshot_id', 'constraint_name': 'cld_actual_column_catalog_snapshot_id_fkey'}]",2026-06-03T03:16:27.555068+00:00,False,False,True,False,True,False,False,False,True,False,ACT_EMBEDDING_CONTEXT,system_required,KEEP_ACTIVE,Referenced by backend; Referenced by semantic/context docs,0.7,HIGH,False,[],[],[],True,False,False,HIGH,ACT,[],[]
public,cld_actual_join_path_catalog,public.cld_actual_join_path_catalog,r,168,131072,49152,10,"['{', 'j', 'o', 'i', 'n', '_', 'p', 'a', 't', 'h', '_', 'i', 'd', '}']",[],2026-06-03T03:13:27.560737+00:00,False,False,True,False,True,False,False,False,True,False,ACT_EMBEDDING_CONTEXT,system_required,KEEP_ACTIVE,Referenced by backend; Referenced by semantic/context docs,0.7,HIGH,False,[],[],[],True,False,False,HIGH,ACT,[],[]
public,cld_actual_relationship_catalog,public.cld_actual_relationship_catalog,r,168,147456,65536,13,"['{', 'r', 'e', 'l', 'a', 't', 'i', 'o', 'n', 's', 'h', 'i', 'p', '_', 'i', 'd', '}']","[{'column_name': 'snapshot_id', 'foreign_table_schema': 'public', 'foreign_table_name': 'cld_actual_schema_snapshot', 'foreign_column_name': 'snapshot_id', 'constraint_name': 'cld_actual_relationship_catalog_snapshot_id_fkey'}]",2026-06-03T03:13:27.559192+00:00,False,False,True,False,True,False,False,False,True,False,ACT_EMBEDDING_CONTEXT,system_required,KEEP_ACTIVE,Referenced by backend; Referenced by semantic/context docs,0.7,HIGH,False,[],[],[],True,False,False,HIGH,ACT,[],[]
public,cld_actual_schema_snapshot,public.cld_actual_schema_snapshot,r,-1,32768,16384,8,"['{', 's', 'n', 'a', 'p', 's', 'h', 'o', 't', '_', 'i', 'd', '}']",[],1970-01-01T00:00:00+00:00,False,False,True,False,True,False,False,False,True,False,ACT_EMBEDDING_CONTEXT,system_required,KEEP_ACTIVE,Referenced by backend; Referenced by semantic/context docs,0.7,HIGH,False,[],[],[],True,False,False,HIGH,ACT,[],[]
public,cld_actual_table_catalog,public.cld_actual_table_catalog,r,121,172032,49152,15,"['{', 't', 'a', 'b', 'l', 'e', '_', 'c', 'a', 't', 'a', 'l', 'o', 'g', '_', 'i', 'd', '}']","[{'column_name': 'snapshot_id', 'foreign_table_schema': 'public', 'foreign_table_name': 'cld_actual_schema_snapshot', 'foreign_column_name': 'snapshot_id', 'constraint_name': 'cld_actual_table_catalog_snapshot_id_fkey'}]",2026-06-03T03:16:27.521946+00:00,False,False,True,False,True,False,False,False,True,False,ACT_EMBEDDING_CONTEXT,system_required,KEEP_ACTIVE,Referenced by backend; Referenced by semantic/context docs,0.7,HIGH,False,[],[],[],True,False,False,HIGH,ACT,[],[]
public,cld_agent_performance_summary,public.cld_agent_performance_summary,v,-1,0,0,14,[],[],,False,False,True,False,True,False,True,False,True,True,ACT_EMBEDDING_CONTEXT,system_required,KEEP_ACTIVE,Referenced by backend; Referenced by semantic/context docs; Referenced by demo catalog,0.7,HIGH,False,[],[],[],True,False,False,HIGH,ACT,[],[]
public,cld_ai_insight_run_log,public.cld_ai_insight_run_log,r,-1,24576,16384,28,"['{', 'i', 'n', 's', 'i', 'g', 'h', 't', '_', 'r', 'u', 'n', '_', 'i', 'd', '}']",[],1970-01-01T00:00:00+00:00,False,False,True,False,True,False,False,False,True,False,ACT_EMBEDDING_CONTEXT,system_required,KEEP_ACTIVE,Referenced by backend; Referenced by semantic/context docs,0.7,HIGH,False,[],[],[],True,False,False,HIGH,ACT,[],[]
public,cld_ai_validation_results,public.cld_ai_validation_results,r,-1,16384,8192,10,"['{', 'v', 'a', 'l', 'i', 'd', 'a', 't', 'i', 'o', 'n', '_', 'r', 'e', 's', 'u', 'l', 't', '_', 'i', 'd', '}']",[],1970-01-01T00:00:00+00:00,False,False,True,False,True,False,False,False,True,False,ACT_EMBEDDING_CONTEXT,system_required,KEEP_ACTIVE,Referenced by backend; Referenced by semantic/context docs,0.7,HIGH,False,[],[],[],True,False,False,HIGH,ACT,[],[]
public,cld_campaign_effectiveness_summary,public.cld_campaign_effectiveness_summary,v,-1,0,0,13,[],[],,False,False,True,False,True,False,False,False,True,False,ACT_EMBEDDING_CONTEXT,system_required,KEEP_ACTIVE,Referenced by backend; Referenced by semantic/context docs,0.7,HIGH,False,[],[],[],True,False,False,HIGH,ACT,[],[]
public,cld_context_registry,public.cld_context_registry,r,1010,5472256,73728,17,"['{', 'c', 'o', 'n', 't', 'e', 'x', 't', '_', 'i', 'd', '}']",[],2026-06-04T01:01:53.306474+00:00,True,False,True,True,True,False,True,True,True,True,ACT_SYSTEM_REQUIRED,semantic_context,KEEP_ACTIVE,Core governance or ML control table required for demo and/or runtime.,0.9,HIGH,False,[],['AI Intelligence'],[],True,True,False,HIGH,ACT,[],[]
public,cld_context_usage_log,public.cld_context_usage_log,r,-1,16384,8192,9,"['{', 'u', 's', 'a', 'g', 'e', '_', 'i', 'd', '}']",[],1970-01-01T00:00:00+00:00,False,False,True,False,True,False,False,False,True,False,ACT_EMBEDDING_CONTEXT,system_required,KEEP_ACTIVE,Referenced by backend; Referenced by semantic/context docs,0.7,HIGH,False,[],[],[],True,False,False,HIGH,ACT,[],[]
public,cld_context_validation_results,public.cld_context_validation_results,r,-1,81920,32768,11,"['{', 'v', 'a', 'l', 'i', 'd', 'a', 't', 'i', 'o', 'n', '_', 'i', 'd', '}']",[],1970-01-01T00:00:00+00:00,False,False,True,False,True,False,False,False,True,False,ACT_EMBEDDING_CONTEXT,system_required,KEEP_ACTIVE,Referenced by backend; Referenced by semantic/context docs,0.7,HIGH,False,[],[],[],True,False,False,HIGH,ACT,[],[]
public,cld_customer_360_features,public.cld_customer_360_features,v,-1,0,0,12,[],[],,False,False,True,False,True,False,False,False,True,False,ACT_EMBEDDING_CONTEXT,system_required,KEEP_ACTIVE,Referenced by backend; Referenced by semantic/context docs,0.7,HIGH,False,[],[],[],True,False,False,HIGH,ACT,[],[]
public,cld_demo_question_catalog,public.cld_demo_question_catalog,r,30,106496,32768,15,"['{', 'd', 'e', 'm', 'o', '_', 'q', 'u', 'e', 's', 't', 'i', 'o', 'n', '_', 'i', 'd', '}']",[],2026-06-03T04:28:28.904995+00:00,False,False,True,False,True,False,True,False,True,True,ACT_EMBEDDING_CONTEXT,system_required,KEEP_ACTIVE,Referenced by backend; Referenced by semantic/context docs; Referenced by demo catalog,0.7,HIGH,False,[],[],[],True,False,False,HIGH,ACT,[],[]
public,cld_insight_snapshots,public.cld_insight_snapshots,r,-1,81920,49152,30,"['{', 's', 'n', 'a', 'p', 's', 'h', 'o', 't', '_', 'i', 'd', '}']",[],1970-01-01T00:00:00+00:00,False,False,True,False,True,False,False,False,True,False,ACT_EMBEDDING_CONTEXT,system_required,KEEP_ACTIVE,Referenced by backend; Referenced by semantic/context docs,0.7,HIGH,False,[],[],[],True,False,False,HIGH,ACT,[],[]
public,cld_kpi_registry,public.cld_kpi_registry,r,20,106496,32768,18,"['{', 'k', 'p', 'i', '_', 'i', 'd', '}']",[],2026-06-04T00:21:52.255845+00:00,False,False,True,True,True,False,True,True,True,True,ACT_SYSTEM_REQUIRED,semantic_context,KEEP_ACTIVE,Core governance or ML control table required for demo and/or runtime.,0.9,HIGH,False,[],['AI Intelligence'],[],True,True,False,HIGH,ACT,[],[]
public,cld_llm_request_log,public.cld_llm_request_log,r,-1,24576,16384,13,"['{', 'r', 'e', 'q', 'u', 'e', 's', 't', '_', 'i', 'd', '}']",[],1970-01-01T00:00:00+00:00,False,False,True,False,True,False,False,False,True,False,ACT_EMBEDDING_CONTEXT,system_required,KEEP_ACTIVE,Referenced by backend; Referenced by semantic/context docs,0.7,HIGH,False,[],[],[],True,False,False,HIGH,ACT,[],[]
public,cld_llm_skill_registry,public.cld_llm_skill_registry,r,-1,49152,32768,9,"['{', 's', 'k', 'i', 'l', 'l', '_', 'i', 'd', '}']",[],1970-01-01T00:00:00+00:00,False,False,True,True,True,False,True,True,True,True,ACT_SYSTEM_REQUIRED,semantic_context,KEEP_ACTIVE,Core governance or ML control table required for demo and/or runtime.,0.9,HIGH,False,[],[],[],True,True,False,HIGH,ACT,[],[]
public,cld_model_registry,public.cld_model_registry,r,12,90112,32768,19,"['{', 'm', 'o', 'd', 'e', 'l', '_', 'i', 'd', '}']",[],2026-06-04T00:58:53.063765+00:00,False,False,True,True,True,False,True,True,True,True,ACT_SYSTEM_REQUIRED,semantic_context,KEEP_ACTIVE,Core governance or ML control table required for demo and/or runtime.,0.9,HIGH,False,[],['AI Intelligence'],[],True,True,False,HIGH,ACT,[],[]
public,cld_policy_lapse_summary,public.cld_policy_lapse_summary,v,-1,0,0,12,[],[],,False,False,True,False,True,False,False,False,True,False,ACT_EMBEDDING_CONTEXT,system_required,KEEP_ACTIVE,Referenced by backend; Referenced by semantic/context docs,0.7,HIGH,False,[],[],[],True,False,False,HIGH,ACT,[],[]
public,cld_sql_guardrail_rules,public.cld_sql_guardrail_rules,r,-1,49152,32768,8,"['{', 'r', 'u', 'l', 'e', '_', 'i', 'd', '}']",[],1970-01-01T00:00:00+00:00,False,False,True,True,True,False,True,True,True,True,ACT_SYSTEM_REQUIRED,system_required,KEEP_ACTIVE,Core governance or ML control table required for demo and/or runtime.,0.9,HIGH,False,[],[],[],True,False,False,HIGH,ACT,[],[]
public,cld_sql_validation_log,public.cld_sql_validation_log,r,-1,16384,8192,8,"['{', 'v', 'a', 'l', 'i', 'd', 'a', 't', 'i', 'o', 'n', '_', 'i', 'd', '}']",[],1970-01-01T00:00:00+00:00,False,False,True,False,True,False,False,False,True,False,ACT_EMBEDDING_CONTEXT,system_required,KEEP_ACTIVE,Referenced by backend; Referenced by semantic/context docs,0.7,HIGH,False,[],[],[],True,False,False,HIGH,ACT,[],[]
public,cld_table_cleanup_report,public.cld_table_cleanup_report,r,-1,32768,16384,7,"['{', 'r', 'e', 'p', 'o', 'r', 't', '_', 'i', 'd', '}']",[],1970-01-01T00:00:00+00:00,False,False,True,True,True,False,True,True,True,True,ACT_EMBEDDING_CONTEXT,system_required,KEEP_ACTIVE,Referenced by backend; Referenced by SQL examples; Referenced by semantic/context docs; Referenced by demo catalog,0.8,HIGH,False,[],[],[],True,False,False,HIGH,ACT,[],[]
public,cld_table_registry,public.cld_table_registry,r,132,188416,49152,39,"['{', 'r', 'e', 'g', 'i', 's', 't', 'r', 'y', '_', 'i', 'd', '}']",[],2026-06-04T00:57:53.151190+00:00,False,False,True,True,True,False,True,True,True,True,ACT_SYSTEM_REQUIRED,system_required,KEEP_ACTIVE,Core governance or ML control table required for demo and/or runtime.,0.9,HIGH,False,[],['AI Intelligence'],[],True,False,False,HIGH,ACT,[],[]
public,cld_verified_sql_context_documents,public.cld_verified_sql_context_documents,r,289,1892352,57344,16,"['{', 'c', 'o', 'n', 't', 'e', 'x', 't', '_', 'i', 'd', '}']",[],2026-06-03T04:08:28.623942+00:00,True,False,True,False,True,False,False,False,True,False,ACT_EMBEDDING_CONTEXT,system_required,KEEP_ACTIVE,Referenced by backend; Referenced by semantic/context docs,0.7,HIGH,False,[],[],[],True,True,False,HIGH,ACT,[],[]
public,column_catalog,public.column_catalog,r,-1,32768,24576,13,"['{', 'c', 'o', 'l', 'u', 'm', 'n', '_', 'c', 'a', 't', 'a', 'l', 'o', 'g', '_', 'i', 'd', '}']",[],1970-01-01T00:00:00+00:00,False,False,True,True,True,False,False,True,True,False,ACT_EMBEDDING_CONTEXT,technical_log,KEEP_ACTIVE,Referenced by backend; Referenced by SQL examples; Referenced by semantic/context docs,0.8,HIGH,False,[],[],[],False,False,False,HIGH,ACT,[],[]
public,context_usage_log,public.context_usage_log,r,-1,32768,24576,12,"['{', 'c', 'o', 'n', 't', 'e', 'x', 't', '_', 'u', 's', 'a', 'g', 'e', '_', 'l', 'o', 'g', '_', 'i', 'd', '}']","[{'column_name': 'semantic_document_id', 'foreign_table_schema': 'public', 'foreign_table_name': 'semantic_documents', 'foreign_column_name': 'semantic_document_id', 'constraint_name': 'context_usage_log_semantic_document_id_fkey'}, {'column_name': 'insight_lineage_id', 'foreign_table_schema': 'public', 'foreign_table_name': 'insight_lineage', 'foreign_column_name': 'insight_lineage_id', 'constraint_name': 'context_usage_log_insight_lineage_id_fkey'}]",1970-01-01T00:00:00+00:00,False,False,True,True,True,False,False,True,True,False,ACT_SYSTEM_REQUIRED,evidence_log,KEEP_ACTIVE,Core governance or ML control table required for demo and/or runtime.,0.9,HIGH,False,[],[],[],True,False,False,HIGH,ACT,[],[]
public,customer_behavior_daily,public.customer_behavior_daily,r,162107,80232448,32210944,16,"['{', 'c', 'u', 's', 't', 'o', 'm', 'e', 'r', '_', 'b', 'e', 'h', 'a', 'v', 'i', 'o', 'r', '_', 'd', 'a', 'i', 'l', 'y', '_', 'i', 'd', '}']","[{'column_name': 'customer_id', 'foreign_table_schema': 'public', 'foreign_table_name': 'customers', 'foreign_column_name': 'customer_id', 'constraint_name': 'customer_behavior_daily_customer_id_fkey'}]",2026-05-30T20:49:10.216891+00:00,False,False,True,True,True,True,False,True,True,False,ACT_EMBEDDING_CONTEXT,analytical_feature,KEEP_ACTIVE,Referenced by backend; Referenced by SQL examples; Referenced by semantic/context docs; Referenced by model context,0.8,HIGH,False,[],[],[],True,False,False,HIGH,ACT,[],[]
public,customer_churn_features,public.customer_churn_features,r,3943,901120,278528,15,[],[],2026-05-30T23:13:12.629883+00:00,False,False,True,True,True,True,False,True,True,False,ACT_EMBEDDING_CONTEXT,technical_log,KEEP_ACTIVE,Referenced by backend; Referenced by SQL examples; Referenced by semantic/context docs; Referenced by model context,0.8,HIGH,False,[],[],[],False,False,False,HIGH,ACT,[],[]
public,customer_complaints,public.customer_complaints,r,450,245760,98304,16,"['{', 'c', 'u', 's', 't', 'o', 'm', 'e', 'r', '_', 'c', 'o', 'm', 'p', 'l', 'a', 'i', 'n', 't', '_', 'i', 'd', '}']","[{'column_name': 'customer_id', 'foreign_table_schema': 'public', 'foreign_table_name': 'customers', 'foreign_column_name': 'customer_id', 'constraint_name': 'customer_complaints_customer_id_fkey'}, {'column_name': 'policy_id', 'foreign_table_schema': 'public', 'foreign_table_name': 'policies', 'foreign_column_name': 'policy_id', 'constraint_name': 'customer_complaints_policy_id_fkey'}, {'column_name': 'claim_id', 'foreign_table_schema': 'public', 'foreign_table_name': 'claims', 'foreign_column_name': 'claim_id', 'constraint_name': 'customer_complaints_claim_id_fkey'}, {'column_name': 'agent_id', 'foreign_table_schema': 'public', 'foreign_table_name': 'agents', 'foreign_column_name': 'agent_id', 'constraint_name': 'customer_complaints_agent_id_fkey'}]",2026-05-30T21:09:09.975561+00:00,False,False,True,True,True,True,False,True,True,False,ACT_EMBEDDING_CONTEXT,technical_log,KEEP_ACTIVE,Referenced by backend; Referenced by SQL examples; Referenced by semantic/context docs; Referenced by model context,0.8,HIGH,False,[],[],[],False,False,False,HIGH,ACT,[],[]
public,customer_digital_events,public.customer_digital_events,r,122919,59719680,25108480,17,"['{', 'c', 'u', 's', 't', 'o', 'm', 'e', 'r', '_', 'd', 'i', 'g', 'i', 't', 'a', 'l', '_', 'e', 'v', 'e', 'n', 't', '_', 'i', 'd', '}']","[{'column_name': 'party_id', 'foreign_table_schema': 'public', 'foreign_table_name': 'parties', 'foreign_column_name': 'party_id', 'constraint_name': 'customer_digital_events_party_id_fkey'}, {'column_name': 'product_id', 'foreign_table_schema': 'public', 'foreign_table_name': 'products', 'foreign_column_name': 'product_id', 'constraint_name': 'customer_digital_events_product_id_fkey'}, {'column_name': 'customer_id', 'foreign_table_schema': 'public', 'foreign_table_name': 'customers', 'foreign_column_name': 'customer_id', 'constraint_name': 'customer_digital_events_customer_id_fkey'}, {'column_name': 'policy_id', 'foreign_table_schema': 'public', 'foreign_table_name': 'policies', 'foreign_column_name': 'policy_id', 'constraint_name': 'customer_digital_events_policy_id_fkey'}, {'column_name': 'campaign_id', 'foreign_table_schema': 'public', 'foreign_table_name': 'campaigns', 'foreign_column_name': 'campaign_id', 'constraint_name': 'customer_digital_events_campaign_id_fkey'}]",2026-05-30T21:15:10.170494+00:00,False,False,True,True,True,True,False,True,True,False,ACT_EMBEDDING_CONTEXT,analytical_feature,KEEP_ACTIVE,Referenced by backend; Referenced by SQL examples; Referenced by semantic/context docs; Referenced by model context,0.8,HIGH,False,[],[],[],True,False,False,HIGH,ACT,[],[]
public,customer_engagement_events,public.customer_engagement_events,r,117721,55844864,29179904,14,"['{', 'c', 'u', 's', 't', 'o', 'm', 'e', 'r', '_', 'e', 'n', 'g', 'a', 'g', 'e', 'm', 'e', 'n', 't', '_', 'e', 'v', 'e', 'n', 't', '_', 'i', 'd', '}']","[{'column_name': 'agent_id', 'foreign_table_schema': 'public', 'foreign_table_name': 'agents', 'foreign_column_name': 'agent_id', 'constraint_name': 'customer_engagement_events_agent_id_fkey'}, {'column_name': 'customer_id', 'foreign_table_schema': 'public', 'foreign_table_name': 'customers', 'foreign_column_name': 'customer_id', 'constraint_name': 'customer_engagement_events_customer_id_fkey'}, {'column_name': 'policy_id', 'foreign_table_schema': 'public', 'foreign_table_name': 'policies', 'foreign_column_name': 'policy_id', 'constraint_name': 'customer_engagement_events_policy_id_fkey'}, {'column_name': 'claim_id', 'foreign_table_schema': 'public', 'foreign_table_name': 'claims', 'foreign_column_name': 'claim_id', 'constraint_name': 'customer_engagement_events_claim_id_fkey'}, {'column_name': 'campaign_id', 'foreign_table_schema': 'public', 'foreign_table_name': 'campaigns', 'foreign_column_name': 'campaign_id', 'constraint_name': 'customer_engagement_events_campaign_id_fkey'}]",2026-05-30T20:59:10.856218+00:00,False,False,True,True,True,False,False,True,True,False,ACT_EMBEDDING_CONTEXT,analytical_feature,KEEP_ACTIVE,Referenced by backend; Referenced by SQL examples; Referenced by semantic/context docs,0.8,HIGH,False,[],[],[],True,False,False,HIGH,ACT,[],[]
public,customer_lifetime_value_features,public.customer_lifetime_value_features,r,-1,32768,24576,13,[],[],1970-01-01T00:00:00+00:00,False,False,True,True,True,True,False,True,True,False,ACT_MODEL_OUTPUT,model_output,KEEP_ACTIVE,Referenced by backend; Referenced by SQL examples; Referenced by semantic/context docs; Referenced by model context,0.8,HIGH,False,[],[],[],True,True,False,HIGH,ACT,[],[]
public,customer_nps,public.customer_nps,r,3479,1171456,466944,9,"['{', 'c', 'u', 's', 't', 'o', 'm', 'e', 'r', '_', 'n', 'p', 's', '_', 'i', 'd', '}']","[{'column_name': 'customer_id', 'foreign_table_schema': 'public', 'foreign_table_name': 'customers', 'foreign_column_name': 'customer_id', 'constraint_name': 'customer_nps_customer_id_fkey'}]",2026-05-30T21:01:09.886221+00:00,False,False,True,True,True,True,False,True,True,False,ACT_EMBEDDING_CONTEXT,technical_log,KEEP_ACTIVE,Referenced by backend; Referenced by SQL examples; Referenced by semantic/context docs; Referenced by model context,0.8,HIGH,False,[],[],[],False,False,False,HIGH,ACT,[],[]
public,customer_satisfaction_surveys,public.customer_satisfaction_surveys,r,2721,860160,311296,13,"['{', 'c', 'u', 's', 't', 'o', 'm', 'e', 'r', '_', 's', 'a', 't', 'i', 's', 'f', 'a', 'c', 't', 'i', 'o', 'n', '_', 's', 'u', 'r', 'v', 'e', 'y', '_', 'i', 'd', '}']","[{'column_name': 'claim_id', 'foreign_table_schema': 'public', 'foreign_table_name': 'claims', 'foreign_column_name': 'claim_id', 'constraint_name': 'customer_satisfaction_surveys_claim_id_fkey'}, {'column_name': 'customer_id', 'foreign_table_schema': 'public', 'foreign_table_name': 'customers', 'foreign_column_name': 'customer_id', 'constraint_name': 'customer_satisfaction_surveys_customer_id_fkey'}, {'column_name': 'policy_id', 'foreign_table_schema': 'public', 'foreign_table_name': 'policies', 'foreign_column_name': 'policy_id', 'constraint_name': 'customer_satisfaction_surveys_policy_id_fkey'}, {'column_name': 'agent_id', 'foreign_table_schema': 'public', 'foreign_table_name': 'agents', 'foreign_column_name': 'agent_id', 'constraint_name': 'customer_satisfaction_surveys_agent_id_fkey'}]",2026-05-30T21:01:09.841882+00:00,False,False,True,True,True,True,False,True,True,False,ACT_EMBEDDING_CONTEXT,technical_log,KEEP_ACTIVE,Referenced by backend; Referenced by SQL examples; Referenced by semantic/context docs; Referenced by model context,0.8,HIGH,False,[],[],[],False,False,False,HIGH,ACT,[],[]
public,customer_service_requests,public.customer_service_requests,r,8015,2908160,884736,16,"['{', 'c', 'u', 's', 't', 'o', 'm', 'e', 'r', '_', 's', 'e', 'r', 'v', 'i', 'c', 'e', '_', 'r', 'e', 'q', 'u', 'e', 's', 't', '_', 'i', 'd', '}']","[{'column_name': 'assigned_agent_id', 'foreign_table_schema': 'public', 'foreign_table_name': 'agents', 'foreign_column_name': 'agent_id', 'constraint_name': 'customer_service_requests_assigned_agent_id_fkey'}, {'column_name': 'customer_id', 'foreign_table_schema': 'public', 'foreign_table_name': 'customers', 'foreign_column_name': 'customer_id', 'constraint_name': 'customer_service_requests_customer_id_fkey'}, {'column_name': 'policy_id', 'foreign_table_schema': 'public', 'foreign_table_name': 'policies', 'foreign_column_name': 'policy_id', 'constraint_name': 'customer_service_requests_policy_id_fkey'}, {'column_name': 'claim_id', 'foreign_table_schema': 'public', 'foreign_table_name': 'claims', 'foreign_column_name': 'claim_id', 'constraint_name': 'customer_service_requests_claim_id_fkey'}]",2026-05-30T21:01:09.944168+00:00,False,False,True,True,True,True,False,True,True,False,ACT_EMBEDDING_CONTEXT,technical_log,KEEP_ACTIVE,Referenced by backend; Referenced by SQL examples; Referenced by semantic/context docs; Referenced by model context,0.8,HIGH,False,[],[],[],False,False,False,HIGH,ACT,[],[]
public,customers,public.customers,r,10000,3317760,1785856,11,"['{', 'c', 'u', 's', 't', 'o', 'm', 'e', 'r', '_', 'i', 'd', '}']","[{'column_name': 'party_id', 'foreign_table_schema': 'public', 'foreign_table_name': 'parties', 'foreign_column_name': 'party_id', 'constraint_name': 'customers_party_id_fkey'}, {'column_name': 'household_party_id', 'foreign_table_schema': 'public', 'foreign_table_name': 'parties', 'foreign_column_name': 'party_id', 'constraint_name': 'customers_household_party_id_fkey'}]",2026-05-30T20:14:09.079508+00:00,False,False,True,True,True,True,True,True,True,True,ACT_AUTHORITATIVE_SOURCE,authoritative_source,KEEP_ACTIVE,Referenced by backend; Referenced by SQL examples; Referenced by semantic/context docs; Referenced by model context; Referenced by demo catalog,0.8,HIGH,False,"['Customer Lifetime Value', 'Propensity Score', 'Churn Risk']","['Know Your Customer', 'AI Intelligence']","['propensity_to_buy', 'customer_churn_risk', 'customer_lifetime_value']",True,True,False,HIGH,ACT,[],[]
public,fraud_detection_features,public.fraud_detection_features,r,-1,40960,32768,16,[],[],1970-01-01T00:00:00+00:00,False,False,True,True,True,True,False,True,True,False,ACT_MODEL_OUTPUT,model_output,KEEP_ACTIVE,Referenced by backend; Referenced by SQL examples; Referenced by semantic/context docs; Referenced by model context,0.8,HIGH,False,[],[],[],True,True,False,HIGH,ACT,[],[]
public,insight_lineage,public.insight_lineage,r,-1,73728,65536,22,"['{', 'i', 'n', 's', 'i', 'g', 'h', 't', '_', 'l', 'i', 'n', 'e', 'a', 'g', 'e', '_', 'i', 'd', '}']",[],1970-01-01T00:00:00+00:00,False,False,True,True,True,False,False,True,True,False,ACT_SYSTEM_REQUIRED,evidence_log,KEEP_ACTIVE,Core governance or ML control table required for demo and/or runtime.,0.9,HIGH,False,[],[],[],True,False,False,HIGH,ACT,[],[]
public,insight_templates,public.insight_templates,r,-1,16384,8192,10,"['{', 't', 'e', 'm', 'p', 'l', 'a', 't', 'e', '_', 'i', 'd', '}']",[],1970-01-01T00:00:00+00:00,False,False,True,True,True,False,False,True,True,False,ACT_EMBEDDING_CONTEXT,technical_log,KEEP_ACTIVE,Referenced by backend; Referenced by SQL examples; Referenced by semantic/context docs,0.8,HIGH,False,[],[],[],False,False,False,HIGH,ACT,[],[]
public,insight_test_snapshots,public.insight_test_snapshots,r,271,2334720,65536,41,"['{', 's', 'n', 'a', 'p', 's', 'h', 'o', 't', '_', 'i', 'd', '}']",[],2026-06-03T07:29:32.808131+00:00,False,False,True,True,True,False,False,True,True,False,ACT_EMBEDDING_CONTEXT,technical_log,KEEP_ACTIVE,Referenced by backend; Referenced by SQL examples; Referenced by semantic/context docs,0.8,HIGH,False,[],[],[],False,False,False,HIGH,ACT,[],[]
public,join_path_catalog,public.join_path_catalog,r,-1,24576,16384,10,"['{', 'j', 'o', 'i', 'n', '_', 'p', 'a', 't', 'h', '_', 'i', 'd', '}']",[],1970-01-01T00:00:00+00:00,False,False,True,True,True,False,False,True,True,False,ACT_EMBEDDING_CONTEXT,technical_log,KEEP_ACTIVE,Referenced by backend; Referenced by SQL examples; Referenced by semantic/context docs,0.8,HIGH,False,[],[],[],False,False,False,HIGH,ACT,[],[]
public,kpi_definitions,public.kpi_definitions,r,-1,65536,49152,15,"['{', 'k', 'p', 'i', '_', 'i', 'd', '}']",[],1970-01-01T00:00:00+00:00,False,False,True,True,True,False,False,True,True,False,ACT_EMBEDDING_CONTEXT,technical_log,KEEP_ACTIVE,Referenced by backend; Referenced by SQL examples; Referenced by semantic/context docs,0.8,HIGH,False,[],[],[],False,False,False,HIGH,ACT,[],[]
public,lead_conversion_features,public.lead_conversion_features,r,-1,49152,40960,16,[],[],1970-01-01T00:00:00+00:00,False,False,True,True,True,True,False,True,True,False,ACT_EMBEDDING_CONTEXT,technical_log,KEEP_ACTIVE,Referenced by backend; Referenced by SQL examples; Referenced by semantic/context docs; Referenced by model context,0.8,HIGH,False,[],[],[],False,False,False,HIGH,ACT,[],[]
public,leads,public.leads,r,20000,6840320,3022848,14,"['{', 'l', 'e', 'a', 'd', '_', 'i', 'd', '}']","[{'column_name': 'assigned_agent_id', 'foreign_table_schema': 'public', 'foreign_table_name': 'agents', 'foreign_column_name': 'agent_id', 'constraint_name': 'leads_assigned_agent_id_fkey'}, {'column_name': 'product_id', 'foreign_table_schema': 'public', 'foreign_table_name': 'products', 'foreign_column_name': 'product_id', 'constraint_name': 'leads_product_id_fkey'}, {'column_name': 'customer_id', 'foreign_table_schema': 'public', 'foreign_table_name': 'customers', 'foreign_column_name': 'customer_id', 'constraint_name': 'leads_customer_id_fkey'}, {'column_name': 'campaign_id', 'foreign_table_schema': 'public', 'foreign_table_name': 'campaigns', 'foreign_column_name': 'campaign_id', 'constraint_name': 'leads_campaign_id_fkey'}, {'column_name': 'party_id', 'foreign_table_schema': 'public', 'foreign_table_name': 'parties', 'foreign_column_name': 'party_id', 'constraint_name': 'leads_party_id_fkey'}]",2026-05-30T20:19:09.142024+00:00,False,False,True,True,True,True,False,True,True,False,ACT_AUTHORITATIVE_SOURCE,authoritative_source,KEEP_ACTIVE,Referenced by backend; Referenced by SQL examples; Referenced by semantic/context docs; Referenced by model context,0.8,HIGH,False,['Lead Conversion Rate'],"['Campaign Effectiveness', 'Agent Performance Tracking']",['lead_conversion'],True,True,False,HIGH,ACT,[],[]
public,llm_request_log,public.llm_request_log,r,1241,1564672,81920,11,"['{', 'r', 'e', 'q', 'u', 'e', 's', 't', '_', 'i', 'd', '}']",[],2026-06-03T05:15:29.954334+00:00,False,False,True,True,True,False,False,True,True,False,ACT_EMBEDDING_CONTEXT,technical_log,KEEP_ACTIVE,Referenced by backend; Referenced by SQL examples; Referenced by semantic/context docs,0.8,HIGH,False,[],[],[],False,False,False,HIGH,ACT,[],[]
public,missing_data_rules,public.missing_data_rules,r,-1,49152,32768,8,"['{', 'r', 'u', 'l', 'e', '_', 'i', 'd', '}']",[],1970-01-01T00:00:00+00:00,False,False,True,True,True,False,False,True,True,False,ACT_EMBEDDING_CONTEXT,technical_log,KEEP_ACTIVE,Referenced by backend; Referenced by SQL examples; Referenced by semantic/context docs,0.8,HIGH,False,[],[],[],False,False,False,HIGH,ACT,[],[]
public,ml_training_labels,public.ml_training_labels,r,116741,45711360,22700032,21,"['{', 'l', 'a', 'b', 'e', 'l', '_', 's', 'n', 'a', 'p', 's', 'h', 'o', 't', '_', 'i', 'd', '}']","[{'column_name': 'claim_id', 'foreign_table_schema': 'public', 'foreign_table_name': 'claims', 'foreign_column_name': 'claim_id', 'constraint_name': 'ml_training_labels_claim_id_fkey'}, {'column_name': 'customer_id', 'foreign_table_schema': 'public', 'foreign_table_name': 'customers', 'foreign_column_name': 'customer_id', 'constraint_name': 'ml_training_labels_customer_id_fkey'}, {'column_name': 'agent_id', 'foreign_table_schema': 'public', 'foreign_table_name': 'agents', 'foreign_column_name': 'agent_id', 'constraint_name': 'ml_training_labels_agent_id_fkey'}, {'column_name': 'policy_id', 'foreign_table_schema': 'public', 'foreign_table_name': 'policies', 'foreign_column_name': 'policy_id', 'constraint_name': 'ml_training_labels_policy_id_fkey'}, {'column_name': 'lead_id', 'foreign_table_schema': 'public', 'foreign_table_name': 'leads', 'foreign_column_name': 'lead_id', 'constraint_name': 'ml_training_labels_lead_id_fkey'}, {'column_name': 'campaign_id', 'foreign_table_schema': 'public', 'foreign_table_name': 'campaigns', 'foreign_column_name': 'campaign_id', 'constraint_name': 'ml_training_labels_campaign_id_fkey'}]",2026-05-30T21:52:12.511775+00:00,False,False,True,True,True,True,False,True,True,False,ACT_EMBEDDING_CONTEXT,technical_log,KEEP_ACTIVE,Referenced by backend; Referenced by SQL examples; Referenced by semantic/context docs; Referenced by model context,0.8,HIGH,False,[],[],[],False,False,False,HIGH,ACT,[],[]
public,model_artifacts,public.model_artifacts,r,-1,65536,49152,17,"['{', 'm', 'o', 'd', 'e', 'l', '_', 'a', 'r', 't', 'i', 'f', 'a', 'c', 't', '_', 'i', 'd', '}']",[],1970-01-01T00:00:00+00:00,False,False,True,True,True,True,False,True,True,False,ACT_MODEL_OUTPUT,model_output,KEEP_ACTIVE,Referenced by backend; Referenced by SQL examples; Referenced by semantic/context docs; Referenced by model context,0.8,HIGH,False,[],[],[],True,True,False,HIGH,ACT,[],[]
public,model_catalog,public.model_catalog,r,-1,65536,49152,14,"['{', 'm', 'o', 'd', 'e', 'l', '_', 'c', 'a', 't', 'a', 'l', 'o', 'g', '_', 'i', 'd', '}']",[],1970-01-01T00:00:00+00:00,False,False,True,True,True,False,False,True,True,False,ACT_MODEL_OUTPUT,model_output,KEEP_ACTIVE,Referenced by backend; Referenced by SQL examples; Referenced by semantic/context docs,0.8,HIGH,False,[],[],[],True,True,False,HIGH,ACT,[],[]
public,model_explanations,public.model_explanations,r,-1,40960,32768,21,"['{', 'm', 'o', 'd', 'e', 'l', '_', 'e', 'x', 'p', 'l', 'a', 'n', 'a', 't', 'i', 'o', 'n', '_', 'i', 'd', '}']","[{'column_name': 'model_score_id', 'foreign_table_schema': 'public', 'foreign_table_name': 'model_scores', 'foreign_column_name': 'model_score_id', 'constraint_name': 'model_explanations_model_score_id_fkey'}, {'column_name': 'model_prediction_id', 'foreign_table_schema': 'public', 'foreign_table_name': 'model_predictions', 'foreign_column_name': 'model_prediction_id', 'constraint_name': 'model_explanations_model_prediction_id_fkey'}]",1970-01-01T00:00:00+00:00,False,False,True,True,True,False,False,True,True,False,ACT_SYSTEM_REQUIRED,model_output,KEEP_ACTIVE,Core governance or ML control table required for demo and/or runtime.,0.9,HIGH,False,[],[],[],True,True,False,HIGH,ACT,[],[]
public,model_features,public.model_features,r,30000,29630464,14491648,22,"['{', 'm', 'o', 'd', 'e', 'l', '_', 'f', 'e', 'a', 't', 'u', 'r', 'e', '_', 'i', 'd', '}']","[{'column_name': 'policy_id', 'foreign_table_schema': 'public', 'foreign_table_name': 'policies', 'foreign_column_name': 'policy_id', 'constraint_name': 'model_features_policy_id_fkey'}, {'column_name': 'opportunity_id', 'foreign_table_schema': 'public', 'foreign_table_name': 'opportunities', 'foreign_column_name': 'opportunity_id', 'constraint_name': 'model_features_opportunity_id_fkey'}, {'column_name': 'lead_id', 'foreign_table_schema': 'public', 'foreign_table_name': 'leads', 'foreign_column_name': 'lead_id', 'constraint_name': 'model_features_lead_id_fkey'}, {'column_name': 'customer_id', 'foreign_table_schema': 'public', 'foreign_table_name': 'customers', 'foreign_column_name': 'customer_id', 'constraint_name': 'model_features_customer_id_fkey'}, {'column_name': 'product_id', 'foreign_table_schema': 'public', 'foreign_table_name': 'products', 'foreign_column_name': 'product_id', 'constraint_name': 'model_features_product_id_fkey'}, {'column_name': 'campaign_id', 'foreign_table_schema': 'public', 'foreign_table_name': 'campaigns', 'foreign_column_name': 'campaign_id', 'constraint_name': 'model_features_campaign_id_fkey'}, {'column_name': 'claim_id', 'foreign_table_schema': 'public', 'foreign_table_name': 'claims', 'foreign_column_name': 'claim_id', 'constraint_name': 'model_features_claim_id_fkey'}, {'column_name': 'agent_id', 'foreign_table_schema': 'public', 'foreign_table_name': 'agents', 'foreign_column_name': 'agent_id', 'constraint_name': 'model_features_agent_id_fkey'}]",2026-05-30T21:44:11.344448+00:00,False,False,True,True,True,True,False,True,True,False,ACT_MODEL_OUTPUT,model_output,KEEP_ACTIVE,Referenced by backend; Referenced by SQL examples; Referenced by semantic/context docs; Referenced by model context,0.8,HIGH,False,[],[],[],True,True,False,HIGH,ACT,[],[]
public,model_predictions,public.model_predictions,r,30000,12500992,6258688,17,"['{', 'm', 'o', 'd', 'e', 'l', '_', 'p', 'r', 'e', 'd', 'i', 'c', 't', 'i', 'o', 'n', '_', 'i', 'd', '}']","[{'column_name': 'model_score_id', 'foreign_table_schema': 'public', 'foreign_table_name': 'model_scores', 'foreign_column_name': 'model_score_id', 'constraint_name': 'model_predictions_model_score_id_fkey'}, {'column_name': 'recommended_product_id', 'foreign_table_schema': 'public', 'foreign_table_name': 'products', 'foreign_column_name': 'product_id', 'constraint_name': 'model_predictions_recommended_product_id_fkey'}]",2026-05-30T21:56:11.083896+00:00,False,False,True,True,True,True,False,True,True,False,ACT_SYSTEM_REQUIRED,model_output,KEEP_ACTIVE,Core governance or ML control table required for demo and/or runtime.,0.9,HIGH,False,[],"['AI Intelligence', 'Know Your Customer']",['next_best_product'],True,True,False,HIGH,ACT,[],[]
public,model_scores,public.model_scores,r,30000,15155200,6971392,20,"['{', 'm', 'o', 'd', 'e', 'l', '_', 's', 'c', 'o', 'r', 'e', '_', 'i', 'd', '}']","[{'column_name': 'model_feature_id', 'foreign_table_schema': 'public', 'foreign_table_name': 'model_features', 'foreign_column_name': 'model_feature_id', 'constraint_name': 'model_scores_model_feature_id_fkey'}, {'column_name': 'scoring_job_id', 'foreign_table_schema': 'public', 'foreign_table_name': 'model_scoring_jobs', 'foreign_column_name': 'scoring_job_id', 'constraint_name': 'model_scores_scoring_job_id_fkey'}]",2026-05-30T21:47:10.944175+00:00,False,False,True,True,True,True,True,True,True,True,ACT_SYSTEM_REQUIRED,model_output,KEEP_ACTIVE,Core governance or ML control table required for demo and/or runtime.,0.9,HIGH,False,"['Propensity Score', 'Churn Risk', 'Customer Lifetime Value', 'Premium at Risk', 'Agent Coaching Need']","['AI Intelligence', 'Know Your Customer', 'Know Your Agent']","['policy_lapse_risk', 'propensity_to_buy', 'customer_churn_risk', 'customer_lifetime_value', 'agent_performance', 'campaign_response', 'lead_conversion', 'claims_risk', 'fraud_risk', 'next_best_action']",True,True,False,HIGH,ACT,[],[]
public,model_scoring_jobs,public.model_scoring_jobs,r,-1,24576,16384,15,"['{', 's', 'c', 'o', 'r', 'i', 'n', 'g', '_', 'j', 'o', 'b', '_', 'i', 'd', '}']",[],1970-01-01T00:00:00+00:00,False,False,True,True,True,True,False,True,True,False,ACT_MODEL_OUTPUT,model_output,KEEP_ACTIVE,Referenced by backend; Referenced by SQL examples; Referenced by semantic/context docs; Referenced by model context,0.8,HIGH,False,[],[],[],True,True,False,HIGH,ACT,[],[]
public,nba_decision_audit,public.nba_decision_audit,r,-1,32768,24576,9,"['{', 'n', 'b', 'a', '_', 'd', 'e', 'c', 'i', 's', 'i', 'o', 'n', '_', 'a', 'u', 'd', 'i', 't', '_', 'i', 'd', '}']","[{'column_name': 'customer_id', 'foreign_table_schema': 'public', 'foreign_table_name': 'customers', 'foreign_column_name': 'customer_id', 'constraint_name': 'nba_decision_audit_customer_id_fkey'}, {'column_name': 'agent_id', 'foreign_table_schema': 'public', 'foreign_table_name': 'agents', 'foreign_column_name': 'agent_id', 'constraint_name': 'nba_decision_audit_agent_id_fkey'}]",1970-01-01T00:00:00+00:00,False,False,True,True,True,True,False,True,True,False,ACT_EMBEDDING_CONTEXT,technical_log,KEEP_ACTIVE,Referenced by backend; Referenced by SQL examples; Referenced by semantic/context docs; Referenced by model context,0.8,HIGH,False,[],[],[],False,False,False,HIGH,ACT,[],[]
public,next_best_actions,public.next_best_actions,r,8721,4947968,2170880,26,"['{', 'n', 'e', 'x', 't', '_', 'b', 'e', 's', 't', '_', 'a', 'c', 't', 'i', 'o', 'n', '_', 'i', 'd', '}']","[{'column_name': 'product_id', 'foreign_table_schema': 'public', 'foreign_table_name': 'products', 'foreign_column_name': 'product_id', 'constraint_name': 'next_best_actions_product_id_fkey'}, {'column_name': 'claim_id', 'foreign_table_schema': 'public', 'foreign_table_name': 'claims', 'foreign_column_name': 'claim_id', 'constraint_name': 'next_best_actions_claim_id_fkey'}, {'column_name': 'scoring_job_id', 'foreign_table_schema': 'public', 'foreign_table_name': 'model_scoring_jobs', 'foreign_column_name': 'scoring_job_id', 'constraint_name': 'next_best_actions_scoring_job_id_fkey'}, {'column_name': 'model_score_id', 'foreign_table_schema': 'public', 'foreign_table_name': 'model_scores', 'foreign_column_name': 'model_score_id', 'constraint_name': 'next_best_actions_model_score_id_fkey'}, {'column_name': 'campaign_id', 'foreign_table_schema': 'public', 'foreign_table_name': 'campaigns', 'foreign_column_name': 'campaign_id', 'constraint_name': 'next_best_actions_campaign_id_fkey'}, {'column_name': 'lead_id', 'foreign_table_schema': 'public', 'foreign_table_name': 'leads', 'foreign_column_name': 'lead_id', 'constraint_name': 'next_best_actions_lead_id_fkey'}, {'column_name': 'policy_id', 'foreign_table_schema': 'public', 'foreign_table_name': 'policies', 'foreign_column_name': 'policy_id', 'constraint_name': 'next_best_actions_policy_id_fkey'}, {'column_name': 'agent_id', 'foreign_table_schema': 'public', 'foreign_table_name': 'agents', 'foreign_column_name': 'agent_id', 'constraint_name': 'next_best_actions_agent_id_fkey'}, {'column_name': 'customer_id', 'foreign_table_schema': 'public', 'foreign_table_name': 'customers', 'foreign_column_name': 'customer_id', 'constraint_name': 'next_best_actions_customer_id_fkey'}, {'column_name': 'model_prediction_id', 'foreign_table_schema': 'public', 'foreign_table_name': 'model_predictions', 'foreign_column_name': 'model_prediction_id', 'constraint_name': 'next_best_actions_model_prediction_id_fkey'}]",2026-05-30T22:01:11.483247+00:00,False,False,True,True,True,True,True,True,True,True,ACT_SYSTEM_REQUIRED,model_output,KEEP_ACTIVE,Core governance or ML control table required for demo and/or runtime.,0.9,HIGH,False,['Revenue Opportunity'],"['AI Intelligence', 'Know Your Customer', 'Know Your Agent']",['next_best_action'],True,True,False,HIGH,ACT,[],[]
public,next_best_customer_features,public.next_best_customer_features,r,-1,40960,32768,14,[],[],1970-01-01T00:00:00+00:00,False,False,True,True,True,True,False,True,True,False,ACT_MODEL_OUTPUT,model_output,KEEP_ACTIVE,Referenced by backend; Referenced by SQL examples; Referenced by semantic/context docs; Referenced by model context,0.8,HIGH,False,[],[],[],True,True,False,HIGH,ACT,[],[]
public,next_best_product_features,public.next_best_product_features,r,-1,40960,32768,16,[],[],1970-01-01T00:00:00+00:00,False,False,True,True,True,True,False,True,True,False,ACT_MODEL_OUTPUT,model_output,KEEP_ACTIVE,Referenced by backend; Referenced by SQL examples; Referenced by semantic/context docs; Referenced by model context,0.8,HIGH,False,[],[],[],True,True,False,HIGH,ACT,[],[]
public,opportunities,public.opportunities,r,12673,4915200,2457600,15,"['{', 'o', 'p', 'p', 'o', 'r', 't', 'u', 'n', 'i', 't', 'y', '_', 'i', 'd', '}']","[{'column_name': 'agent_id', 'foreign_table_schema': 'public', 'foreign_table_name': 'agents', 'foreign_column_name': 'agent_id', 'constraint_name': 'opportunities_agent_id_fkey'}, {'column_name': 'product_id', 'foreign_table_schema': 'public', 'foreign_table_name': 'products', 'foreign_column_name': 'product_id', 'constraint_name': 'opportunities_product_id_fkey'}, {'column_name': 'lead_id', 'foreign_table_schema': 'public', 'foreign_table_name': 'leads', 'foreign_column_name': 'lead_id', 'constraint_name': 'opportunities_lead_id_fkey'}, {'column_name': 'campaign_id', 'foreign_table_schema': 'public', 'foreign_table_name': 'campaigns', 'foreign_column_name': 'campaign_id', 'constraint_name': 'opportunities_campaign_id_fkey'}, {'column_name': 'customer_id', 'foreign_table_schema': 'public', 'foreign_table_name': 'customers', 'foreign_column_name': 'customer_id', 'constraint_name': 'opportunities_customer_id_fkey'}]",2026-05-30T20:19:09.235871+00:00,False,False,True,True,True,True,True,True,True,True,ACT_AUTHORITATIVE_SOURCE,authoritative_source,KEEP_ACTIVE,Referenced by backend; Referenced by SQL examples; Referenced by semantic/context docs; Referenced by model context; Referenced by demo catalog,0.8,HIGH,False,['Lead Conversion Rate'],"['Campaign Effectiveness', 'AI Intelligence']",[],True,True,False,HIGH,ACT,[],[]
public,parties,public.parties,r,18546,6094848,2899968,14,"['{', 'p', 'a', 'r', 't', 'y', '_', 'i', 'd', '}']",[],2026-05-30T20:13:09.085019+00:00,False,False,True,True,True,True,True,True,True,True,ACT_AUTHORITATIVE_SOURCE,authoritative_source,KEEP_ACTIVE,Referenced by backend; Referenced by SQL examples; Referenced by semantic/context docs; Referenced by model context; Referenced by demo catalog,0.8,HIGH,False,[],[],[],True,True,False,HIGH,ACT,[],[]
public,payments,public.payments,r,227744,54476800,25255936,11,"['{', 'p', 'a', 'y', 'm', 'e', 'n', 't', '_', 'i', 'd', '}']","[{'column_name': 'policy_id', 'foreign_table_schema': 'public', 'foreign_table_name': 'policies', 'foreign_column_name': 'policy_id', 'constraint_name': 'payments_policy_id_fkey'}, {'column_name': 'customer_id', 'foreign_table_schema': 'public', 'foreign_table_name': 'customers', 'foreign_column_name': 'customer_id', 'constraint_name': 'payments_customer_id_fkey'}]",2026-05-30T20:42:12.270372+00:00,False,False,True,True,True,True,False,True,True,False,ACT_AUTHORITATIVE_SOURCE,authoritative_source,KEEP_ACTIVE,Referenced by backend; Referenced by SQL examples; Referenced by semantic/context docs; Referenced by model context,0.8,HIGH,False,[],[],[],True,True,False,HIGH,ACT,[],[]
public,policies,public.policies,r,20000,9232384,5332992,18,"['{', 'p', 'o', 'l', 'i', 'c', 'y', '_', 'i', 'd', '}']","[{'column_name': 'customer_id', 'foreign_table_schema': 'public', 'foreign_table_name': 'customers', 'foreign_column_name': 'customer_id', 'constraint_name': 'policies_customer_id_fkey'}, {'column_name': 'prior_policy_id', 'foreign_table_schema': 'public', 'foreign_table_name': 'policies', 'foreign_column_name': 'policy_id', 'constraint_name': 'policies_prior_policy_id_fkey'}, {'column_name': 'opportunity_id', 'foreign_table_schema': 'public', 'foreign_table_name': 'opportunities', 'foreign_column_name': 'opportunity_id', 'constraint_name': 'policies_opportunity_id_fkey'}, {'column_name': 'product_id', 'foreign_table_schema': 'public', 'foreign_table_name': 'products', 'foreign_column_name': 'product_id', 'constraint_name': 'policies_product_id_fkey'}, {'column_name': 'agent_id', 'foreign_table_schema': 'public', 'foreign_table_name': 'agents', 'foreign_column_name': 'agent_id', 'constraint_name': 'policies_agent_id_fkey'}]",2026-05-30T20:22:09.240987+00:00,False,True,True,True,True,True,True,True,True,True,ACT_AUTHORITATIVE_SOURCE,authoritative_source,KEEP_ACTIVE,Referenced by frontend; Referenced by backend; Referenced by SQL examples; Referenced by semantic/context docs; Referenced by model context; Referenced by demo catalog,0.95,HIGH,False,"['Premium at Risk', 'Lapse Rate', 'Persistency Rate', 'Quote-to-Bind Rate', 'Product Sales Decline']","['Policy Lapse Risk', 'Know Your Customer', 'Agent Performance Tracking', 'Frontend Demo']","['policy_lapse_risk', 'customer_lifetime_value', 'next_best_product']",True,True,False,HIGH,ACT,[],[]
public,policy_coverages,public.policy_coverages,r,36883,14516224,6258688,16,"['{', 'p', 'o', 'l', 'i', 'c', 'y', '_', 'c', 'o', 'v', 'e', 'r', 'a', 'g', 'e', '_', 'i', 'd', '}']","[{'column_name': 'product_id', 'foreign_table_schema': 'public', 'foreign_table_name': 'products', 'foreign_column_name': 'product_id', 'constraint_name': 'policy_coverages_product_id_fkey'}, {'column_name': 'policy_id', 'foreign_table_schema': 'public', 'foreign_table_name': 'policies', 'foreign_column_name': 'policy_id', 'constraint_name': 'policy_coverages_policy_id_fkey'}]",2026-05-30T20:23:09.374387+00:00,False,False,True,True,True,True,False,True,True,False,ACT_EMBEDDING_CONTEXT,technical_log,KEEP_ACTIVE,Referenced by backend; Referenced by SQL examples; Referenced by semantic/context docs; Referenced by model context,0.8,HIGH,False,[],[],[],False,False,False,HIGH,ACT,[],[]
public,policy_events,public.policy_events,r,40000,22724608,12107776,14,"['{', 'p', 'o', 'l', 'i', 'c', 'y', '_', 'e', 'v', 'e', 'n', 't', '_', 'i', 'd', '}']","[{'column_name': 'policy_id', 'foreign_table_schema': 'public', 'foreign_table_name': 'policies', 'foreign_column_name': 'policy_id', 'constraint_name': 'policy_events_policy_id_fkey'}, {'column_name': 'customer_id', 'foreign_table_schema': 'public', 'foreign_table_name': 'customers', 'foreign_column_name': 'customer_id', 'constraint_name': 'policy_events_customer_id_fkey'}, {'column_name': 'agent_id', 'foreign_table_schema': 'public', 'foreign_table_name': 'agents', 'foreign_column_name': 'agent_id', 'constraint_name': 'policy_events_agent_id_fkey'}]",2026-05-30T21:32:10.791128+00:00,False,False,True,True,True,True,False,True,True,False,ACT_EMBEDDING_CONTEXT,analytical_feature,KEEP_ACTIVE,Referenced by backend; Referenced by SQL examples; Referenced by semantic/context docs; Referenced by model context,0.8,HIGH,False,[],[],[],True,False,False,HIGH,ACT,[],[]
public,policy_lapse_events,public.policy_lapse_events,r,3164,1056768,458752,13,"['{', 'p', 'o', 'l', 'i', 'c', 'y', '_', 'l', 'a', 'p', 's', 'e', '_', 'e', 'v', 'e', 'n', 't', '_', 'i', 'd', '}']","[{'column_name': 'agent_id', 'foreign_table_schema': 'public', 'foreign_table_name': 'agents', 'foreign_column_name': 'agent_id', 'constraint_name': 'policy_lapse_events_agent_id_fkey'}, {'column_name': 'customer_id', 'foreign_table_schema': 'public', 'foreign_table_name': 'customers', 'foreign_column_name': 'customer_id', 'constraint_name': 'policy_lapse_events_customer_id_fkey'}, {'column_name': 'policy_id', 'foreign_table_schema': 'public', 'foreign_table_name': 'policies', 'foreign_column_name': 'policy_id', 'constraint_name': 'policy_lapse_events_policy_id_fkey'}]",2026-05-30T21:35:10.946473+00:00,False,False,True,True,True,True,False,True,True,False,ACT_EMBEDDING_CONTEXT,analytical_feature,KEEP_ACTIVE,Referenced by backend; Referenced by SQL examples; Referenced by semantic/context docs; Referenced by model context,0.8,HIGH,False,[],[],[],True,False,False,HIGH,ACT,[],[]
public,policy_lapse_features,public.policy_lapse_features,r,-1,49152,40960,16,[],[],1970-01-01T00:00:00+00:00,False,False,True,True,True,True,False,True,True,False,ACT_EMBEDDING_CONTEXT,technical_log,KEEP_ACTIVE,Referenced by backend; Referenced by SQL examples; Referenced by semantic/context docs; Referenced by model context,0.8,HIGH,False,[],[],[],False,False,False,HIGH,ACT,[],[]
public,policy_renewals,public.policy_renewals,r,20000,6004736,2400256,16,"['{', 'p', 'o', 'l', 'i', 'c', 'y', '_', 'r', 'e', 'n', 'e', 'w', 'a', 'l', '_', 'i', 'd', '}']","[{'column_name': 'prior_policy_id', 'foreign_table_schema': 'public', 'foreign_table_name': 'policies', 'foreign_column_name': 'policy_id', 'constraint_name': 'policy_renewals_prior_policy_id_fkey'}, {'column_name': 'agent_id', 'foreign_table_schema': 'public', 'foreign_table_name': 'agents', 'foreign_column_name': 'agent_id', 'constraint_name': 'policy_renewals_agent_id_fkey'}, {'column_name': 'renewal_policy_id', 'foreign_table_schema': 'public', 'foreign_table_name': 'policies', 'foreign_column_name': 'policy_id', 'constraint_name': 'policy_renewals_renewal_policy_id_fkey'}, {'column_name': 'customer_id', 'foreign_table_schema': 'public', 'foreign_table_name': 'customers', 'foreign_column_name': 'customer_id', 'constraint_name': 'policy_renewals_customer_id_fkey'}, {'column_name': 'policy_id', 'foreign_table_schema': 'public', 'foreign_table_name': 'policies', 'foreign_column_name': 'policy_id', 'constraint_name': 'policy_renewals_policy_id_fkey'}]",2026-05-30T21:35:10.924466+00:00,False,False,True,True,True,True,False,True,True,False,ACT_EMBEDDING_CONTEXT,analytical_feature,KEEP_ACTIVE,Referenced by backend; Referenced by SQL examples; Referenced by semantic/context docs; Referenced by model context,0.8,HIGH,False,[],[],[],True,False,False,HIGH,ACT,[],[]
public,premiums,public.premiums,r,403521,94945280,38510592,12,"['{', 'p', 'r', 'e', 'm', 'i', 'u', 'm', '_', 'i', 'd', '}']","[{'column_name': 'policy_id', 'foreign_table_schema': 'public', 'foreign_table_name': 'policies', 'foreign_column_name': 'policy_id', 'constraint_name': 'premiums_policy_id_fkey'}, {'column_name': 'policy_coverage_id', 'foreign_table_schema': 'public', 'foreign_table_name': 'policy_coverages', 'foreign_column_name': 'policy_coverage_id', 'constraint_name': 'premiums_policy_coverage_id_fkey'}]",2026-05-30T20:34:13.912558+00:00,False,False,True,True,True,True,False,True,True,False,ACT_AUTHORITATIVE_SOURCE,authoritative_source,KEEP_ACTIVE,Referenced by backend; Referenced by SQL examples; Referenced by semantic/context docs; Referenced by model context,0.8,HIGH,False,"['Claims Ratio', 'Loss Ratio']",[],[],True,True,False,HIGH,ACT,[],[]
public,products,public.products,r,31,98304,81920,14,"['{', 'p', 'r', 'o', 'd', 'u', 'c', 't', '_', 'i', 'd', '}']","[{'column_name': 'parent_product_id', 'foreign_table_schema': 'public', 'foreign_table_name': 'products', 'foreign_column_name': 'product_id', 'constraint_name': 'products_parent_product_id_fkey'}]",2026-05-30T20:13:08.870928+00:00,False,True,True,True,True,True,True,True,True,True,ACT_AUTHORITATIVE_SOURCE,authoritative_source,KEEP_ACTIVE,Referenced by frontend; Referenced by backend; Referenced by SQL examples; Referenced by semantic/context docs; Referenced by model context; Referenced by demo catalog,0.95,HIGH,False,[],['Frontend Demo'],[],True,True,False,HIGH,ACT,[],[]
public,propensity_to_buy_features,public.propensity_to_buy_features,r,247664,56246272,17178624,16,[],[],2026-05-30T22:56:12.902292+00:00,False,False,True,True,True,True,False,True,True,False,ACT_MODEL_OUTPUT,model_output,KEEP_ACTIVE,Referenced by backend; Referenced by SQL examples; Referenced by semantic/context docs; Referenced by model context,0.8,HIGH,False,[],[],[],True,True,False,HIGH,ACT,[],[]
public,proposals,public.proposals,r,6463,2670592,1155072,14,"['{', 'p', 'r', 'o', 'p', 'o', 's', 'a', 'l', '_', 'i', 'd', '}']","[{'column_name': 'product_id', 'foreign_table_schema': 'public', 'foreign_table_name': 'products', 'foreign_column_name': 'product_id', 'constraint_name': 'proposals_product_id_fkey'}, {'column_name': 'agent_id', 'foreign_table_schema': 'public', 'foreign_table_name': 'agents', 'foreign_column_name': 'agent_id', 'constraint_name': 'proposals_agent_id_fkey'}, {'column_name': 'customer_id', 'foreign_table_schema': 'public', 'foreign_table_name': 'customers', 'foreign_column_name': 'customer_id', 'constraint_name': 'proposals_customer_id_fkey'}, {'column_name': 'opportunity_id', 'foreign_table_schema': 'public', 'foreign_table_name': 'opportunities', 'foreign_column_name': 'opportunity_id', 'constraint_name': 'proposals_opportunity_id_fkey'}, {'column_name': 'quote_id', 'foreign_table_schema': 'public', 'foreign_table_name': 'quotes', 'foreign_column_name': 'quote_id', 'constraint_name': 'proposals_quote_id_fkey'}]",2026-05-30T21:37:10.740450+00:00,False,False,True,True,True,True,False,True,True,False,ACT_EMBEDDING_CONTEXT,technical_log,KEEP_ACTIVE,Referenced by backend; Referenced by SQL examples; Referenced by semantic/context docs; Referenced by model context,0.8,HIGH,False,[],[],[],False,False,False,HIGH,ACT,[],[]
public,query_audit_log,public.query_audit_log,r,-1,65536,49152,14,"['{', 'q', 'u', 'e', 'r', 'y', '_', 'a', 'u', 'd', 'i', 't', '_', 'l', 'o', 'g', '_', 'i', 'd', '}']",[],1970-01-01T00:00:00+00:00,False,False,True,True,True,False,False,True,True,False,ACT_EMBEDDING_CONTEXT,technical_log,KEEP_ACTIVE,Referenced by backend; Referenced by SQL examples; Referenced by semantic/context docs,0.8,HIGH,False,[],[],[],False,False,False,HIGH,ACT,[],[]
public,quotes,public.quotes,r,15403,7110656,2859008,17,"['{', 'q', 'u', 'o', 't', 'e', '_', 'i', 'd', '}']","[{'column_name': 'lead_id', 'foreign_table_schema': 'public', 'foreign_table_name': 'leads', 'foreign_column_name': 'lead_id', 'constraint_name': 'quotes_lead_id_fkey'}, {'column_name': 'campaign_id', 'foreign_table_schema': 'public', 'foreign_table_name': 'campaigns', 'foreign_column_name': 'campaign_id', 'constraint_name': 'quotes_campaign_id_fkey'}, {'column_name': 'opportunity_id', 'foreign_table_schema': 'public', 'foreign_table_name': 'opportunities', 'foreign_column_name': 'opportunity_id', 'constraint_name': 'quotes_opportunity_id_fkey'}, {'column_name': 'customer_id', 'foreign_table_schema': 'public', 'foreign_table_name': 'customers', 'foreign_column_name': 'customer_id', 'constraint_name': 'quotes_customer_id_fkey'}, {'column_name': 'agent_id', 'foreign_table_schema': 'public', 'foreign_table_name': 'agents', 'foreign_column_name': 'agent_id', 'constraint_name': 'quotes_agent_id_fkey'}, {'column_name': 'product_id', 'foreign_table_schema': 'public', 'foreign_table_name': 'products', 'foreign_column_name': 'product_id', 'constraint_name': 'quotes_product_id_fkey'}]",2026-05-30T21:37:10.686862+00:00,False,False,True,True,True,True,False,True,True,False,ACT_EMBEDDING_CONTEXT,technical_log,KEEP_ACTIVE,Referenced by backend; Referenced by SQL examples; Referenced by semantic/context docs; Referenced by model context,0.8,HIGH,False,[],[],[],False,False,False,HIGH,ACT,[],[]
public,recommendation_evidence,public.recommendation_evidence,r,-1,40960,32768,15,"['{', 'r', 'e', 'c', 'o', 'm', 'm', 'e', 'n', 'd', 'a', 't', 'i', 'o', 'n', '_', 'e', 'v', 'i', 'd', 'e', 'n', 'c', 'e', '_', 'i', 'd', '}']","[{'column_name': 'insight_lineage_id', 'foreign_table_schema': 'public', 'foreign_table_name': 'insight_lineage', 'foreign_column_name': 'insight_lineage_id', 'constraint_name': 'recommendation_evidence_insight_lineage_id_fkey'}, {'column_name': 'next_best_action_id', 'foreign_table_schema': 'public', 'foreign_table_name': 'next_best_actions', 'foreign_column_name': 'next_best_action_id', 'constraint_name': 'recommendation_evidence_next_best_action_id_fkey'}]",1970-01-01T00:00:00+00:00,False,False,True,True,True,False,False,True,True,False,ACT_SYSTEM_REQUIRED,evidence_log,KEEP_ACTIVE,Core governance or ML control table required for demo and/or runtime.,0.9,HIGH,False,[],[],[],True,False,False,HIGH,ACT,[],[]
public,role_action_templates,public.role_action_templates,r,-1,65536,49152,16,"['{', 'r', 'o', 'l', 'e', '_', 'a', 'c', 't', 'i', 'o', 'n', '_', 't', 'e', 'm', 'p', 'l', 'a', 't', 'e', '_', 'i', 'd', '}']","[{'column_name': 'role_definition_id', 'foreign_table_schema': 'public', 'foreign_table_name': 'role_definitions', 'foreign_column_name': 'role_definition_id', 'constraint_name': 'role_action_templates_role_definition_id_fkey'}]",1970-01-01T00:00:00+00:00,False,False,True,True,True,False,False,True,True,False,ACT_EMBEDDING_CONTEXT,technical_log,KEEP_ACTIVE,Referenced by backend; Referenced by SQL examples; Referenced by semantic/context docs,0.8,HIGH,False,[],[],[],False,False,False,HIGH,ACT,[],[]
public,role_dashboard_widgets,public.role_dashboard_widgets,r,-1,90112,73728,17,"['{', 'r', 'o', 'l', 'e', '_', 'd', 'a', 's', 'h', 'b', 'o', 'a', 'r', 'd', '_', 'w', 'i', 'd', 'g', 'e', 't', '_', 'i', 'd', '}']","[{'column_name': 'role_definition_id', 'foreign_table_schema': 'public', 'foreign_table_name': 'role_definitions', 'foreign_column_name': 'role_definition_id', 'constraint_name': 'role_dashboard_widgets_role_definition_id_fkey'}]",1970-01-01T00:00:00+00:00,False,False,True,True,True,False,False,True,True,False,ACT_EMBEDDING_CONTEXT,technical_log,KEEP_ACTIVE,Referenced by backend; Referenced by SQL examples; Referenced by semantic/context docs,0.8,HIGH,False,[],[],[],False,False,False,HIGH,ACT,[],[]
public,role_default_questions,public.role_default_questions,r,-1,90112,73728,13,"['{', 'r', 'o', 'l', 'e', '_', 'd', 'e', 'f', 'a', 'u', 'l', 't', '_', 'q', 'u', 'e', 's', 't', 'i', 'o', 'n', '_', 'i', 'd', '}']","[{'column_name': 'role_definition_id', 'foreign_table_schema': 'public', 'foreign_table_name': 'role_definitions', 'foreign_column_name': 'role_definition_id', 'constraint_name': 'role_default_questions_role_definition_id_fkey'}]",1970-01-01T00:00:00+00:00,False,False,True,True,True,False,False,True,True,False,ACT_EMBEDDING_CONTEXT,technical_log,KEEP_ACTIVE,Referenced by backend; Referenced by SQL examples; Referenced by semantic/context docs,0.8,HIGH,False,[],[],[],False,False,False,HIGH,ACT,[],[]
public,role_definitions,public.role_definitions,r,-1,122880,73728,15,"['{', 'r', 'o', 'l', 'e', '_', 'd', 'e', 'f', 'i', 'n', 'i', 't', 'i', 'o', 'n', '_', 'i', 'd', '}']",[],1970-01-01T00:00:00+00:00,False,False,True,True,True,False,False,True,True,False,ACT_EMBEDDING_CONTEXT,technical_log,KEEP_ACTIVE,Referenced by backend; Referenced by SQL examples; Referenced by semantic/context docs,0.8,HIGH,False,[],[],[],False,False,False,HIGH,ACT,[],[]
public,role_kpis,public.role_kpis,r,-1,90112,73728,15,"['{', 'r', 'o', 'l', 'e', '_', 'k', 'p', 'i', '_', 'i', 'd', '}']","[{'column_name': 'role_definition_id', 'foreign_table_schema': 'public', 'foreign_table_name': 'role_definitions', 'foreign_column_name': 'role_definition_id', 'constraint_name': 'role_kpis_role_definition_id_fkey'}]",1970-01-01T00:00:00+00:00,False,False,True,True,True,False,False,True,True,False,ACT_EMBEDDING_CONTEXT,technical_log,KEEP_ACTIVE,Referenced by backend; Referenced by SQL examples; Referenced by semantic/context docs,0.8,HIGH,False,[],[],[],False,False,False,HIGH,ACT,[],[]
public,semantic_documents,public.semantic_documents,r,38,835584,540672,29,"['{', 's', 'e', 'm', 'a', 'n', 't', 'i', 'c', '_', 'd', 'o', 'c', 'u', 'm', 'e', 'n', 't', '_', 'i', 'd', '}']","[{'column_name': 'glossary_id', 'foreign_table_schema': 'public', 'foreign_table_name': 'business_glossary', 'foreign_column_name': 'glossary_id', 'constraint_name': 'semantic_documents_glossary_id_fkey'}]",2026-05-31T17:29:05.052624+00:00,True,False,True,True,True,False,False,True,True,False,ACT_SYSTEM_REQUIRED,semantic_context,KEEP_ACTIVE,Core governance or ML control table required for demo and/or runtime.,0.9,HIGH,False,[],['AI Intelligence'],[],True,True,False,HIGH,ACT,[],[]
public,table_catalog,public.table_catalog,r,-1,65536,49152,11,"['{', 't', 'a', 'b', 'l', 'e', '_', 'c', 'a', 't', 'a', 'l', 'o', 'g', '_', 'i', 'd', '}']",[],1970-01-01T00:00:00+00:00,False,False,True,True,True,False,False,True,True,False,ACT_EMBEDDING_CONTEXT,technical_log,KEEP_ACTIVE,Referenced by backend; Referenced by SQL examples; Referenced by semantic/context docs,0.8,HIGH,False,[],[],[],False,False,False,HIGH,ACT,[],[]
public,underwriting_decisions,public.underwriting_decisions,r,2653,974848,401408,13,"['{', 'u', 'n', 'd', 'e', 'r', 'w', 'r', 'i', 't', 'i', 'n', 'g', '_', 'd', 'e', 'c', 'i', 's', 'i', 'o', 'n', '_', 'i', 'd', '}']","[{'column_name': 'customer_id', 'foreign_table_schema': 'public', 'foreign_table_name': 'customers', 'foreign_column_name': 'customer_id', 'constraint_name': 'underwriting_decisions_customer_id_fkey'}, {'column_name': 'application_id', 'foreign_table_schema': 'public', 'foreign_table_name': 'applications', 'foreign_column_name': 'application_id', 'constraint_name': 'underwriting_decisions_application_id_fkey'}, {'column_name': 'product_id', 'foreign_table_schema': 'public', 'foreign_table_name': 'products', 'foreign_column_name': 'product_id', 'constraint_name': 'underwriting_decisions_product_id_fkey'}]",2026-05-30T21:38:10.580202+00:00,False,False,True,True,True,True,False,True,True,False,ACT_EMBEDDING_CONTEXT,technical_log,KEEP_ACTIVE,Referenced by backend; Referenced by SQL examples; Referenced by semantic/context docs; Referenced by model context,0.8,HIGH,False,[],[],[],False,False,False,HIGH,ACT,[],[]
public,v_agent_attrition_features,public.v_agent_attrition_features,v,-1,0,0,14,[],[],,False,False,True,True,True,True,False,True,True,False,ACT_EMBEDDING_CONTEXT,technical_log,KEEP_ACTIVE,Referenced by backend; Referenced by SQL examples; Referenced by semantic/context docs; Referenced by model context,0.8,HIGH,False,[],[],[],False,False,False,HIGH,ACT,[],[]
public,v_agent_performance_features,public.v_agent_performance_features,v,-1,0,0,14,[],[],,False,False,True,True,True,True,False,True,True,False,ACT_EMBEDDING_CONTEXT,technical_log,KEEP_ACTIVE,Referenced by backend; Referenced by SQL examples; Referenced by semantic/context docs; Referenced by model context,0.8,HIGH,False,[],[],[],False,False,False,HIGH,ACT,[],[]
public,v_campaign_response_features,public.v_campaign_response_features,v,-1,0,0,16,[],[],,False,False,True,True,True,True,False,True,True,False,ACT_EMBEDDING_CONTEXT,technical_log,KEEP_ACTIVE,Referenced by backend; Referenced by SQL examples; Referenced by semantic/context docs; Referenced by model context,0.8,HIGH,False,[],[],[],False,False,False,HIGH,ACT,[],[]
public,v_claim_prediction_features,public.v_claim_prediction_features,v,-1,0,0,13,[],[],,False,False,True,True,True,True,False,True,True,False,ACT_EMBEDDING_CONTEXT,technical_log,KEEP_ACTIVE,Referenced by backend; Referenced by SQL examples; Referenced by semantic/context docs; Referenced by model context,0.8,HIGH,False,[],[],[],False,False,False,HIGH,ACT,[],[]
public,v_customer_churn_features,public.v_customer_churn_features,v,-1,0,0,15,[],[],,False,False,True,True,True,True,False,True,True,False,ACT_EMBEDDING_CONTEXT,technical_log,KEEP_ACTIVE,Referenced by backend; Referenced by SQL examples; Referenced by semantic/context docs; Referenced by model context,0.8,HIGH,False,[],[],[],False,False,False,HIGH,ACT,[],[]
public,v_customer_lifetime_value_features,public.v_customer_lifetime_value_features,v,-1,0,0,13,[],[],,False,False,True,True,True,True,False,True,True,False,ACT_EMBEDDING_CONTEXT,technical_log,KEEP_ACTIVE,Referenced by backend; Referenced by SQL examples; Referenced by semantic/context docs; Referenced by model context,0.8,HIGH,False,[],[],[],False,False,False,HIGH,ACT,[],[]
public,v_fraud_detection_features,public.v_fraud_detection_features,v,-1,0,0,16,[],[],,False,False,True,True,True,True,False,True,True,False,ACT_EMBEDDING_CONTEXT,technical_log,KEEP_ACTIVE,Referenced by backend; Referenced by SQL examples; Referenced by semantic/context docs; Referenced by model context,0.8,HIGH,False,[],[],[],False,False,False,HIGH,ACT,[],[]
public,v_latest_model_scores,public.v_latest_model_scores,v,-1,0,0,17,[],[],,False,False,True,True,True,True,False,True,True,False,ACT_EMBEDDING_CONTEXT,technical_log,KEEP_ACTIVE,Referenced by backend; Referenced by SQL examples; Referenced by semantic/context docs; Referenced by model context,0.8,HIGH,False,[],[],[],False,False,False,HIGH,ACT,[],[]
public,v_lead_conversion_features,public.v_lead_conversion_features,v,-1,0,0,16,[],[],,False,False,True,True,True,True,False,True,True,False,ACT_EMBEDDING_CONTEXT,technical_log,KEEP_ACTIVE,Referenced by backend; Referenced by SQL examples; Referenced by semantic/context docs; Referenced by model context,0.8,HIGH,False,[],[],[],False,False,False,HIGH,ACT,[],[]
public,v_ml_feature_required_null_checks,public.v_ml_feature_required_null_checks,v,-1,0,0,6,[],[],,False,False,True,True,True,True,False,True,True,False,ACT_EMBEDDING_CONTEXT,technical_log,KEEP_ACTIVE,Referenced by backend; Referenced by SQL examples; Referenced by semantic/context docs; Referenced by model context,0.8,HIGH,False,[],[],[],False,False,False,HIGH,ACT,[],[]
public,v_ml_feature_row_counts,public.v_ml_feature_row_counts,v,-1,0,0,2,[],[],,False,False,True,True,True,True,False,True,True,False,ACT_EMBEDDING_CONTEXT,technical_log,KEEP_ACTIVE,Referenced by backend; Referenced by SQL examples; Referenced by semantic/context docs; Referenced by model context,0.8,HIGH,False,[],[],[],False,False,False,HIGH,ACT,[],[]
public,v_ml_feature_target_distribution,public.v_ml_feature_target_distribution,v,-1,0,0,7,[],[],,False,False,True,True,True,True,False,True,True,False,ACT_EMBEDDING_CONTEXT,technical_log,KEEP_ACTIVE,Referenced by backend; Referenced by SQL examples; Referenced by semantic/context docs; Referenced by model context,0.8,HIGH,False,[],[],[],False,False,False,HIGH,ACT,[],[]
public,v_ml_feature_window_checks,public.v_ml_feature_window_checks,v,-1,0,0,2,[],[],,False,False,True,True,True,True,False,True,True,False,ACT_EMBEDDING_CONTEXT,technical_log,KEEP_ACTIVE,Referenced by backend; Referenced by SQL examples; Referenced by semantic/context docs; Referenced by model context,0.8,HIGH,False,[],[],[],False,False,False,HIGH,ACT,[],[]
public,v_ml_monthly_snapshots,public.v_ml_monthly_snapshots,v,-1,0,0,5,[],[],,False,False,True,True,True,True,False,True,True,False,ACT_EMBEDDING_CONTEXT,technical_log,KEEP_ACTIVE,Referenced by backend; Referenced by SQL examples; Referenced by semantic/context docs; Referenced by model context,0.8,HIGH,False,[],[],[],False,False,False,HIGH,ACT,[],[]
public,v_nba_agent_capacity_v2,public.v_nba_agent_capacity_v2,v,-1,0,0,7,[],[],,False,False,True,True,True,False,False,True,True,False,ACT_EMBEDDING_CONTEXT,technical_log,KEEP_ACTIVE,Referenced by backend; Referenced by SQL examples; Referenced by semantic/context docs,0.8,HIGH,False,[],[],[],False,False,False,HIGH,ACT,[],[]
public,v_nba_candidate_actions_v2,public.v_nba_candidate_actions_v2,v,-1,0,0,32,[],[],,False,False,True,True,True,True,False,True,True,False,ACT_EMBEDDING_CONTEXT,technical_log,KEEP_ACTIVE,Referenced by backend; Referenced by SQL examples; Referenced by semantic/context docs; Referenced by model context,0.8,HIGH,False,[],[],[],False,False,False,HIGH,ACT,[],[]
public,v_nba_customer_decision_context_v2,public.v_nba_customer_decision_context_v2,v,-1,0,0,26,[],[],,False,False,True,True,True,True,False,True,True,False,ACT_EMBEDDING_CONTEXT,technical_log,KEEP_ACTIVE,Referenced by backend; Referenced by SQL examples; Referenced by semantic/context docs; Referenced by model context,0.8,HIGH,False,[],[],[],False,False,False,HIGH,ACT,[],[]
public,v_nba_latest_customer_scores_v2,public.v_nba_latest_customer_scores_v2,v,-1,0,0,11,[],[],,False,False,True,True,True,False,False,True,True,False,ACT_EMBEDDING_CONTEXT,technical_log,KEEP_ACTIVE,Referenced by backend; Referenced by SQL examples; Referenced by semantic/context docs,0.8,HIGH,False,[],[],[],False,False,False,HIGH,ACT,[],[]
public,v_new_business_premium_by_rider,public.v_new_business_premium_by_rider,v,-1,0,0,16,[],[],,False,False,True,True,True,False,False,True,True,False,ACT_EMBEDDING_CONTEXT,technical_log,KEEP_ACTIVE,Referenced by backend; Referenced by SQL examples; Referenced by semantic/context docs,0.8,HIGH,False,[],[],[],False,False,False,HIGH,ACT,[],[]
public,v_next_best_customer_features,public.v_next_best_customer_features,v,-1,0,0,14,[],[],,False,False,True,True,True,True,False,True,True,False,ACT_EMBEDDING_CONTEXT,technical_log,KEEP_ACTIVE,Referenced by backend; Referenced by SQL examples; Referenced by semantic/context docs; Referenced by model context,0.8,HIGH,False,[],[],[],False,False,False,HIGH,ACT,[],[]
public,v_next_best_product_features,public.v_next_best_product_features,v,-1,0,0,16,[],[],,False,False,True,True,True,True,False,True,True,False,ACT_EMBEDDING_CONTEXT,technical_log,KEEP_ACTIVE,Referenced by backend; Referenced by SQL examples; Referenced by semantic/context docs; Referenced by model context,0.8,HIGH,False,[],[],[],False,False,False,HIGH,ACT,[],[]
public,v_policy_lapse_features,public.v_policy_lapse_features,v,-1,0,0,16,[],[],,False,False,True,True,True,True,False,True,True,False,ACT_EMBEDDING_CONTEXT,technical_log,KEEP_ACTIVE,Referenced by backend; Referenced by SQL examples; Referenced by semantic/context docs; Referenced by model context,0.8,HIGH,False,[],[],[],False,False,False,HIGH,ACT,[],[]
public,v_policy_rider_tags,public.v_policy_rider_tags,v,-1,0,0,18,[],[],,False,False,True,True,True,False,False,True,True,False,ACT_EMBEDDING_CONTEXT,technical_log,KEEP_ACTIVE,Referenced by backend; Referenced by SQL examples; Referenced by semantic/context docs,0.8,HIGH,False,[],[],[],False,False,False,HIGH,ACT,[],[]
public,v_propensity_to_buy_features,public.v_propensity_to_buy_features,v,-1,0,0,16,[],[],,False,False,True,True,True,True,False,True,True,False,ACT_EMBEDDING_CONTEXT,technical_log,KEEP_ACTIVE,Referenced by backend; Referenced by SQL examples; Referenced by semantic/context docs; Referenced by model context,0.8,HIGH,False,[],[],[],False,False,False,HIGH,ACT,[],[]
public,v_recommendation_explainability,public.v_recommendation_explainability,v,-1,0,0,16,[],[],,False,False,True,True,True,False,False,True,True,False,ACT_EMBEDDING_CONTEXT,technical_log,KEEP_ACTIVE,Referenced by backend; Referenced by SQL examples; Referenced by semantic/context docs,0.8,HIGH,False,[],[],[],False,False,False,HIGH,ACT,[],[]
public,v_role_intelligence_profile,public.v_role_intelligence_profile,v,-1,0,0,16,[],[],,False,False,True,True,True,False,False,True,True,False,ACT_EMBEDDING_CONTEXT,technical_log,KEEP_ACTIVE,Referenced by backend; Referenced by SQL examples; Referenced by semantic/context docs,0.8,HIGH,False,[],[],[],False,False,False,HIGH,ACT,[],[]
